patient_id,dicom_file,view,series_description,study_instance_uid,series_instance_uid,instance_number,rows,columns
1,lumos_x_001/lumos_x_001_1.Dcm,AP,AP,1.2.826.0.1.3680043.8.498.19542414916874736657408642103355131511,1.2.826.0.1.3680043.8.498.60570794023903092497464202841142176232,1,2993,1929
1,lumos_x_001/lumos_x_001_2.Dcm,Lateral,Lateral,1.2.826.0.1.3680043.8.498.17744010444602744821133475870645611007,1.2.826.0.1.3680043.8.498.81554655171034389456913099134700471306,1,2988,1908
2,lumos_x_002/lumos_x_002_1.Dcm,AP,Lumbar spine ap,1.2.826.0.1.3680043.8.498.48627515692262552431506520482488188834,1.2.826.0.1.3680043.8.498.43228987422782743943617755131336170622,1,2996,1890
2,lumos_x_002/lumos_x_002_2.Dcm,Lateral,Lumbar spine lat,1.2.826.0.1.3680043.8.498.10774402265576165893981450549275792182,1.2.826.0.1.3680043.8.498.20337886834068817469055267938549109183,1,3000,2394
3,lumos_x_003/lumos_x_003_1.Dcm,AP,AP,1.2.826.0.1.3680043.8.498.67396012552737440190864102704245671302,1.2.826.0.1.3680043.8.498.52748838257424884839477984815549537385,1,2461,1751
3,lumos_x_003/lumos_x_003_2.Dcm,Lateral,Lateral,1.2.826.0.1.3680043.8.498.77604461613877225583429009991227395736,1.2.826.0.1.3680043.8.498.10875146316542086207592479465854555567,1,2467,1876
4,lumos_x_004/lumos_x_004_1.Dcm,AP,AP,1.2.826.0.1.3680043.8.498.13000473275459740049368713375881287086,1.2.826.0.1.3680043.8.498.12342271061726340414625238845096089818,1,2931,1708
4,lumos_x_004/lumos_x_004_2.Dcm,Lateral,Lateral,1.2.826.0.1.3680043.8.498.96164893431620706809379051383578610574,1.2.826.0.1.3680043.8.498.40485019693671368136900026286017498018,1,3001,1733
5,lumos_x_005/lumos_x_005_1.Dcm,AP,AP,1.2.826.0.1.3680043.8.498.57533580931069178492554335536082068151,1.2.826.0.1.3680043.8.498.70470789243800936841153548737160076048,1,3001,1804
5,lumos_x_005/lumos_x_005_2.Dcm,Lateral,Lateral,1.2.826.0.1.3680043.8.498.10187397987788400694916766370743789407,1.2.826.0.1.3680043.8.498.55243534951195698421433619079697909656,1,3001,1855
6,lumos_x_006/lumos_x_006_1.Dcm,AP,AP,1.2.826.0.1.3680043.8.498.10796811435363145342811969851521697928,1.2.826.0.1.3680043.8.498.71390395261800773223035493894345520992,1,2941,1726
6,lumos_x_006/lumos_x_006_2.Dcm,Lateral,Lateral,1.2.826.0.1.3680043.8.498.32413470507502538626440528584411935113,1.2.826.0.1.3680043.8.498.23340220574841740129827267595439451232,1,2943,1724
7,lumos_x_007/lumos_x_007_1.Dcm,AP,AP,1.2.826.0.1.3680043.8.498.90196269055641250846655552355661547405,1.2.826.0.1.3680043.8.498.12984394302691137625953610436294986064,1,2862,1498
7,lumos_x_007/lumos_x_007_2.Dcm,Lateral,Lateral,1.2.826.0.1.3680043.8.498.77258249297478629186419575751705782809,1.2.826.0.1.3680043.8.498.22762441536857271934865630243065163619,1,2688,1648
8,lumos_x_008/lumos_x_008_1.Dcm,AP,Lumbar spine ap,1.2.826.0.1.3680043.8.498.13270208119909167023365618185470751711,1.2.826.0.1.3680043.8.498.10765542250233602618873007531526558650,1,2842,1696
9,lumos_x_009/lumos_x_009_1.Dcm,AP,AP,1.2.826.0.1.3680043.8.498.30598627235820538819701386134382294061,1.2.826.0.1.3680043.8.498.94125705578796259748415032092340931235,1,2985,1665
9,lumos_x_009/lumos_x_009_2.Dcm,Lateral,Lateral,1.2.826.0.1.3680043.8.498.13265795566477019881497102805478212344,1.2.826.0.1.3680043.8.498.22869265971246993454940864449548602488,1,2991,2024
10,lumos_x_010/lumos_x_010_1.Dcm,AP,AP,1.2.826.0.1.3680043.8.498.85228618977353676345778231106946157299,1.2.826.0.1.3680043.8.498.53321811912982789340274259106447209957,1,2725,1800
10,lumos_x_010/lumos_x_010_2.Dcm,Lateral,Lateral,1.2.826.0.1.3680043.8.498.34574112027038846651011201093486118295,1.2.826.0.1.3680043.8.498.11078367428533447131917715626535349741,1,2687,1721
11,lumos_x_011/lumos_x_011_1.Dcm,AP,AP,1.2.826.0.1.3680043.8.498.47593635683005352954352328300111352375,1.2.826.0.1.3680043.8.498.54317747197130979496487069770649876747,1,3001,1762
11,lumos_x_011/lumos_x_011_2.Dcm,Lateral,Lateral,1.2.826.0.1.3680043.8.498.63768197754891334041833077747606104665,1.2.826.0.1.3680043.8.498.62028669896082304366736528204218364467,1,3001,1806
12,lumos_x_012/lumos_x_012_1.Dcm,AP,AP,1.2.826.0.1.3680043.8.498.71468349103369528667844404530618718111,1.2.826.0.1.3680043.8.498.46406375069631136720802654970329891846,1,2977,1770
12,lumos_x_012/lumos_x_012_2.Dcm,Lateral,Lateral,1.2.826.0.1.3680043.8.498.11382061652266316538206471306348808965,1.2.826.0.1.3680043.8.498.13013942294451049602840891569401285365,1,3001,2013
13,lumos_x_013/lumos_x_013_1.Dcm,AP,AP AEC,1.2.826.0.1.3680043.8.498.22737228352772782372952588199390511677,1.2.826.0.1.3680043.8.498.95411414606508817424631290085110648121,1,5596,3006
13,lumos_x_013/lumos_x_013_2.Dcm,Lateral,Lateral AEC,1.2.826.0.1.3680043.8.498.12748239314751369598866639847538770640,1.2.826.0.1.3680043.8.498.65506550659642476379005271797373475611,1,5594,3008
14,lumos_x_014/lumos_x_014_1.Dcm,AP,AP,1.2.826.0.1.3680043.8.498.29336328373762566861060847329336902471,1.2.826.0.1.3680043.8.498.97312211980803607641167678157466652998,1,2944,1874
14,lumos_x_014/lumos_x_014_2.Dcm,Lateral,Lateral,1.2.826.0.1.3680043.8.498.42695748386752481975142103140739844088,1.2.826.0.1.3680043.8.498.49687574630710932846559773975535803548,1,2675,1855
15,lumos_x_015/lumos_x_015_1.Dcm,AP,AP,1.2.826.0.1.3680043.8.498.62872106538453699849912518163255558000,1.2.826.0.1.3680043.8.498.97664178922273020544191068826590701127,1,2930,1878
15,lumos_x_015/lumos_x_015_2.Dcm,Lateral,Lateral,1.2.826.0.1.3680043.8.498.61649809762451243457505427944843812742,1.2.826.0.1.3680043.8.498.87683082479438055308258421528895291576,1,2587,1892
16,lumos_x_016/lumos_x_016_1.Dcm,AP,AP,1.2.826.0.1.3680043.8.498.33921080894646151014777889575580640744,1.2.826.0.1.3680043.8.498.96951920076875994357703178749506333559,1,2377,1789
16,lumos_x_016/lumos_x_016_2.Dcm,Lateral,Lateral,1.2.826.0.1.3680043.8.498.48806481093907690979387899239710305178,1.2.826.0.1.3680043.8.498.35101696506572374165543164056676821691,1,2381,1651
17,lumos_x_017/lumos_x_017_1.Dcm,AP,AP,1.2.826.0.1.3680043.8.498.11138103123280403599558856107484163674,1.2.826.0.1.3680043.8.498.10904076745134489508091893925524127175,1,2702,1713
17,lumos_x_017/lumos_x_017_2.Dcm,Lateral,Lateral,1.2.826.0.1.3680043.8.498.23601705369464522408847777937683536585,1.2.826.0.1.3680043.8.498.10086074169342465973497963357933016287,1,2715,2715
18,lumos_x_018/lumos_x_018_1.Dcm,AP,AP,1.2.826.0.1.3680043.8.498.52812625984472677983336837571545674292,1.2.826.0.1.3680043.8.498.25040058224075134854505768518082898557,1,2990,1750
18,lumos_x_018/lumos_x_018_2.Dcm,Lateral,Lateral,1.2.826.0.1.3680043.8.498.10413161760973774362960324058133439977,1.2.826.0.1.3680043.8.498.83713133480738182846343557296987064556,1,3001,1746
19,lumos_x_019/lumos_x_019_1.Dcm,AP,AP,1.2.826.0.1.3680043.8.498.13361552898543864522507198102864432432,1.2.826.0.1.3680043.8.498.12633370893538406291698646076527967009,1,2990,1701
19,lumos_x_019/lumos_x_019_2.Dcm,Lateral,Lateral,1.2.826.0.1.3680043.8.498.48895768426370635318555278421142205330,1.2.826.0.1.3680043.8.498.54958929245424138303684442074804136644,1,2978,2580
20,lumos_x_020/lumos_x_020_1.Dcm,AP,AP,1.2.826.0.1.3680043.8.498.10840696135593499184149065683421288273,1.2.826.0.1.3680043.8.498.31859914448558051406663146310623584595,1,2989,1718
20,lumos_x_020/lumos_x_020_2.Dcm,Lateral,Lateral,1.2.826.0.1.3680043.8.498.12714174279949324732603964898764527391,1.2.826.0.1.3680043.8.498.13113458773670738617267123709518625435,1,2992,1721
21,lumos_x_021/lumos_x_021_1.Dcm,AP,AP,1.2.826.0.1.3680043.8.498.51955399865285409698205874209351348082,1.2.826.0.1.3680043.8.498.87831487332245071569321633617187043660,1,2991,1748
21,lumos_x_021/lumos_x_021_2.Dcm,Lateral,Lateral,1.2.826.0.1.3680043.8.498.16247334934791443938880191964166954746,1.2.826.0.1.3680043.8.498.46944243056937528073351262675786787510,1,3001,1866
22,lumos_x_022/lumos_x_022_1.Dcm,AP,AP,1.2.826.0.1.3680043.8.498.31714845524210836801076673361129813005,1.2.826.0.1.3680043.8.498.27582106254875495559993366778351417979,1,2695,1429
22,lumos_x_022/lumos_x_022_2.Dcm,Lateral,Lateral,1.2.826.0.1.3680043.8.498.33105866136509757146189011943645137404,1.2.826.0.1.3680043.8.498.75718123124633326688116449715867055686,1,2344,1401
23,lumos_x_023/lumos_x_023_1.Dcm,AP,AP,1.2.826.0.1.3680043.8.498.16598302052124549179788012151154785466,1.2.826.0.1.3680043.8.498.10713507757641920720917472588701254759,1,2976,1782
23,lumos_x_023/lumos_x_023_2.Dcm,Lateral,Lateral,1.2.826.0.1.3680043.8.498.39059731343278754351659277754255441550,1.2.826.0.1.3680043.8.498.56566085241385675267115761149207606191,1,3001,1797
24,lumos_x_024/lumos_x_024_2.Dcm,Lateral,Lateral,1.2.826.0.1.3680043.8.498.11600077019807920097395993414146333998,1.2.826.0.1.3680043.8.498.38506877907421911746124515877967332591,1,2907,2152
24,lumos_x_024/lumos_x_024_1.Dcm,Lateral,Lateral,1.2.826.0.1.3680043.8.498.88351771610976684926989546458344564829,1.2.826.0.1.3680043.8.498.55873635770976954371554581887397703445,1,2977,2165
25,lumos_x_025/lumos_x_025_1.Dcm,AP,AP,1.2.826.0.1.3680043.8.498.98013971383824716228767486313858648192,1.2.826.0.1.3680043.8.498.12387039061225623151474184030541371137,1,2978,1787
25,lumos_x_025/lumos_x_025_2.Dcm,Lateral,Lateral,1.2.826.0.1.3680043.8.498.65618574186460005528282501774184759812,1.2.826.0.1.3680043.8.498.99911112322303761749984553444449421066,1,2976,1772
26,lumos_x_026/lumos_x_026_1.Dcm,AP,AP,1.2.826.0.1.3680043.8.498.10504658549103145895484363768890717773,1.2.826.0.1.3680043.8.498.67242509789821614710198290886797957256,1,2980,1778
26,lumos_x_026/lumos_x_026_2.Dcm,Lateral,Lateral,1.2.826.0.1.3680043.8.498.52504314655301356045617840296745083686,1.2.826.0.1.3680043.8.498.12157183878166445952999603899705317161,1,3001,1714
27,lumos_x_027/lumos_x_027_1.Dcm,AP,AP,1.2.826.0.1.3680043.8.498.58545517503812032333489265332645638792,1.2.826.0.1.3680043.8.498.79202234374074813692608191190069176603,1,2426,1268
27,lumos_x_027/lumos_x_027_2.Dcm,Lateral,Lateral,1.2.826.0.1.3680043.8.498.13255601134354674460274560858243036571,1.2.826.0.1.3680043.8.498.37187817922754704814493651874836361108,1,2967,1548
28,lumos_x_028/lumos_x_028_1.Dcm,AP,AP,1.2.826.0.1.3680043.8.498.65065407343030480540665038525868117848,1.2.826.0.1.3680043.8.498.95352243410961264628834702370911699781,1,2954,1771
28,lumos_x_028/lumos_x_028_2.Dcm,Lateral,Lateral,1.2.826.0.1.3680043.8.498.89124883234627480882651728804441935391,1.2.826.0.1.3680043.8.498.10117983295448722279929449743773706744,1,2959,1762
29,lumos_x_029/lumos_x_029_1.Dcm,AP,AP,1.2.826.0.1.3680043.8.498.55305985904293751321718179591228751052,1.2.826.0.1.3680043.8.498.84077249709324958404928389268861655969,1,2825,1780
29,lumos_x_029/lumos_x_029_2.Dcm,Lateral,Lateral,1.2.826.0.1.3680043.8.498.42604656884426698813227819755441675859,1.2.826.0.1.3680043.8.498.12838873889982931070756942041464682357,1,2833,2076
30,lumos_x_030/lumos_x_030_1.Dcm,AP,Lumbar spine ap,1.2.826.0.1.3680043.8.498.63753026590917935280435017936402055385,1.2.826.0.1.3680043.8.498.43782235294221610147234048386037346474,1,2870,1660
30,lumos_x_030/lumos_x_030_2.Dcm,Lateral,Lumbar spine lat,1.2.826.0.1.3680043.8.498.76467250312364942257620483756287734925,1.2.826.0.1.3680043.8.498.86725018196343256602497245158241816686,1,2874,1772
31,lumos_x_031/lumos_x_031_1.Dcm,AP,AP,1.2.826.0.1.3680043.8.498.34817653024464910633570738467487407633,1.2.826.0.1.3680043.8.498.73541365733354961714822380030956811437,1,2397,1520
31,lumos_x_031/lumos_x_031_2.Dcm,Lateral,Lateral,1.2.826.0.1.3680043.8.498.53066007355029580750873339709841444524,1.2.826.0.1.3680043.8.498.53849218858896736390286077965829235007,1,2191,1612
32,lumos_x_032/lumos_x_032_1.Dcm,AP,AP,1.2.826.0.1.3680043.8.498.43580798393378085937330864093020002922,1.2.826.0.1.3680043.8.498.10808177239566930619861208885745562131,1,2939,1717
32,lumos_x_032/lumos_x_032_2.Dcm,Lateral,Lateral,1.2.826.0.1.3680043.8.498.28718921824052745932084899093107455431,1.2.826.0.1.3680043.8.498.12852049459966267017008541260466759066,1,2951,2991
33,lumos_x_033/lumos_x_033_2.Dcm,AP,腰椎前后位,1.2.826.0.1.3680043.8.498.12678236141757827311669184798696382928,1.2.826.0.1.3680043.8.498.72440822870780847951480975649314244091,1,3320,2113
33,lumos_x_033/lumos_x_033_1.Dcm,Lateral,腰椎侧位,1.2.826.0.1.3680043.8.498.20230530868422127918581535889947709650,1.2.826.0.1.3680043.8.498.45616823071160730634683923453766842849,1,2983,1983
34,lumos_x_034/lumos_x_034_1.Dcm,AP,Lumbar spine ap,1.2.826.0.1.3680043.8.498.13155317590337398473015340128814586388,1.2.826.0.1.3680043.8.498.95217469219361882612927309488521140713,1,2833,1794
34,lumos_x_034/lumos_x_034_2.Dcm,Lateral,Lumbar spine lat,1.2.826.0.1.3680043.8.498.34401560574687975252594390736068209210,1.2.826.0.1.3680043.8.498.91974792391767893076656306818688541275,1,2717,1402
35,lumos_x_035/lumos_x_035_1.Dcm,AP,AP,1.2.826.0.1.3680043.8.498.46825252197916822218409753757273863934,1.2.826.0.1.3680043.8.498.60874015317636531119498297907796396370,1,2974,1700
35,lumos_x_035/lumos_x_035_2.Dcm,Lateral,Lateral,1.2.826.0.1.3680043.8.498.94074941526625014730669053964464166671,1.2.826.0.1.3680043.8.498.86085958839836130039870322220534611183,1,2951,1891
36,lumos_x_036/lumos_x_036_1.Dcm,AP,AP,1.2.826.0.1.3680043.8.498.77450992982492520393323691592555838656,1.2.826.0.1.3680043.8.498.13124404731220636719336653060534009600,1,2998,2019
36,lumos_x_036/lumos_x_036_2.Dcm,Lateral,Lateral,1.2.826.0.1.3680043.8.498.81415832560967385587918275255924416465,1.2.826.0.1.3680043.8.498.11524432827549560381767771171502926468,1,2996,1994
37,lumos_x_037/lumos_x_037_1.Dcm,AP,AP,1.2.826.0.1.3680043.8.498.56453723955658086081490862993924608297,1.2.826.0.1.3680043.8.498.11649497777088799635885639319115108488,1,2550,1288
37,lumos_x_037/lumos_x_037_2.Dcm,Lateral,Lateral,1.2.826.0.1.3680043.8.498.13129041177305255967496713900450265381,1.2.826.0.1.3680043.8.498.21990889063328325868313184746256490687,1,2453,2106
38,lumos_x_038/lumos_x_038_1.Dcm,AP,AP,1.2.826.0.1.3680043.8.498.87637630760334723157432603593279287461,1.2.826.0.1.3680043.8.498.66854474305989647784661988992633631350,1,2906,1724
38,lumos_x_038/lumos_x_038_2.Dcm,Lateral,Lateral,1.2.826.0.1.3680043.8.498.10873063991982756372992035485020152936,1.2.826.0.1.3680043.8.498.13057068411428530612224727435376732011,1,2904,1715
39,lumos_x_039/lumos_x_039_1.Dcm,AP,AP,1.2.826.0.1.3680043.8.498.59743203493234694631222140528819560702,1.2.826.0.1.3680043.8.498.62212378015008227426146198131680163692,1,3001,1801
39,lumos_x_039/lumos_x_039_2.Dcm,Lateral,Lateral,1.2.826.0.1.3680043.8.498.12461832778125783320501038811356764746,1.2.826.0.1.3680043.8.498.10403678127796644449450774373158718382,1,3001,1833
40,lumos_x_040/lumos_x_040_1.Dcm,AP,AP,1.2.826.0.1.3680043.8.498.11465073015424951465005704936236742685,1.2.826.0.1.3680043.8.498.53130248820867885054733023102141716915,1,3001,2525
40,lumos_x_040/lumos_x_040_2.Dcm,Lateral,Lateral,1.2.826.0.1.3680043.8.498.12113566830412845941878145962998458187,1.2.826.0.1.3680043.8.498.12054146364062385002675322201011894084,1,2978,1929
41,lumos_x_041/lumos_x_041_1.Dcm,AP,AP,1.2.826.0.1.3680043.8.498.11566680638320367140301429275829034912,1.2.826.0.1.3680043.8.498.62379154345857220614362362614025491471,1,2601,1826
41,lumos_x_041/lumos_x_041_2.Dcm,Lateral,Lateral,1.2.826.0.1.3680043.8.498.62898554657237841835895863651494317741,1.2.826.0.1.3680043.8.498.42922039267910119021116458152028751505,1,2598,2043
42,lumos_x_042/lumos_x_042_1.Dcm,AP,AP,1.2.826.0.1.3680043.8.498.22297019279731316624985405947891874246,1.2.826.0.1.3680043.8.498.21963705179195721817483069336214909608,1,2999,1702
42,lumos_x_042/lumos_x_042_2.Dcm,Lateral,Lateral,1.2.826.0.1.3680043.8.498.31039860438547583284700173283447750589,1.2.826.0.1.3680043.8.498.57658822196776188404080002021645161440,1,2999,1728
43,lumos_x_043/lumos_x_043_1.Dcm,AP,AP,1.2.826.0.1.3680043.8.498.11985244047781826892982020210092051575,1.2.826.0.1.3680043.8.498.52397983447502721043143322445831903811,1,1869,2002
43,lumos_x_043/lumos_x_043_2.Dcm,Lateral,Lateral,1.2.826.0.1.3680043.8.498.52046046639147833347499823966427262693,1.2.826.0.1.3680043.8.498.67079071581781956570621249203639769154,1,2076,1858
44,lumos_x_044/lumos_x_044_1.Dcm,AP,AP,1.2.826.0.1.3680043.8.498.11867924729031239523048525142522977038,1.2.826.0.1.3680043.8.498.11135886266586072597278240284783624503,1,3001,2000
44,lumos_x_044/lumos_x_044_2.Dcm,Lateral,Lateral,1.2.826.0.1.3680043.8.498.84809925724588139648830789330178826178,1.2.826.0.1.3680043.8.498.12275491682897331551457508194490204835,1,3001,2229
45,lumos_x_045/lumos_x_045_1.Dcm,AP,AP,1.2.826.0.1.3680043.8.498.70662880628177592160147168149561380766,1.2.826.0.1.3680043.8.498.12429192192399296535704642466101792255,1,2810,1452
45,lumos_x_045/lumos_x_045_2.Dcm,Lateral,Lateral,1.2.826.0.1.3680043.8.498.11816637046348926705798021708131434735,1.2.826.0.1.3680043.8.498.61382656658358289629032274584343549751,1,2844,1849
46,lumos_x_046/lumos_x_046_1.Dcm,AP,AP,1.2.826.0.1.3680043.8.498.49835366006817688685227577950182782865,1.2.826.0.1.3680043.8.498.11766557453349085145083096382651487621,1,3001,1624
46,lumos_x_046/lumos_x_046_2.Dcm,Lateral,Lateral,1.2.826.0.1.3680043.8.498.29311807952455894229615564020038740139,1.2.826.0.1.3680043.8.498.31094844960192705469441350021767053898,1,2417,1588
47,lumos_x_047/lumos_x_047_1.Dcm,AP,腰椎前后位,1.2.826.0.1.3680043.8.498.12585922436852946371506390112631880805,1.2.826.0.1.3680043.8.498.15757977836987980244305474388544891027,1,2773,1969
47,lumos_x_047/lumos_x_047_2.Dcm,AP,腰椎前后位,1.2.826.0.1.3680043.8.498.10728955957763459333041157213700985613,1.2.826.0.1.3680043.8.498.90232157712293326488455236746588404957,1,3153,1957
48,lumos_x_048/lumos_x_048_1.Dcm,AP,AP,1.2.826.0.1.3680043.8.498.10113427119703206690808511590233022680,1.2.826.0.1.3680043.8.498.52991736718042970204149384658525352763,1,2643,1790
48,lumos_x_048/lumos_x_048_2.Dcm,Lateral,Lateral,1.2.826.0.1.3680043.8.498.58323664225165816929025706194405201735,1.2.826.0.1.3680043.8.498.31474294092385429551427524844515292949,1,3001,1789
49,lumos_x_049/lumos_x_049_1.Dcm,AP,AP,1.2.826.0.1.3680043.8.498.12392698468748445946719187573968861734,1.2.826.0.1.3680043.8.498.12772583776157944134511349895576452610,1,2998,2057
49,lumos_x_049/lumos_x_049_2.Dcm,Lateral,Lateral,1.2.826.0.1.3680043.8.498.61406970891382958080997930048924404108,1.2.826.0.1.3680043.8.498.52487901798441474571351123217553313096,1,2986,1984
50,lumos_x_050/lumos_x_050_1.Dcm,AP,AP,1.2.826.0.1.3680043.8.498.29399845702503649585133669680185538253,1.2.826.0.1.3680043.8.498.11086262238073351140395151760567497019,1,2256,1396
50,lumos_x_050/lumos_x_050_2.Dcm,Lateral,Lateral,1.2.826.0.1.3680043.8.498.96065411088021246705609898325984150881,1.2.826.0.1.3680043.8.498.77583283730092292551456339710958381714,1,2212,1687
51,lumos_x_051/lumos_x_051_1.Dcm,AP,AP,1.2.826.0.1.3680043.8.498.17287940580057653717306683384342107587,1.2.826.0.1.3680043.8.498.11970713292814520029859762366174520033,1,2975,1701
51,lumos_x_051/lumos_x_051_2.Dcm,Lateral,Lateral,1.2.826.0.1.3680043.8.498.45944688944610205098035547722721278898,1.2.826.0.1.3680043.8.498.16827694922232956938359850593797087540,1,2974,1715
52,lumos_x_052/lumos_x_052_1.Dcm,AP,AP,1.2.826.0.1.3680043.8.498.95249433447493950960772443422695880310,1.2.826.0.1.3680043.8.498.10520148344626130776836898535072293324,1,2981,1664
52,lumos_x_052/lumos_x_052_2.Dcm,Lateral,Lateral,1.2.826.0.1.3680043.8.498.43336812177675400366860416313305070751,1.2.826.0.1.3680043.8.498.12237192523179862903130400439343127941,1,2997,1930
53,lumos_x_053/lumos_x_053_1.Dcm,AP,AP,1.2.826.0.1.3680043.8.498.85414524186388830572731280797420111777,1.2.826.0.1.3680043.8.498.55632131609434579768892364876450583769,1,3001,1777
53,lumos_x_053/lumos_x_053_2.Dcm,Lateral,Lateral,1.2.826.0.1.3680043.8.498.78399525078249636601481441123620018474,1.2.826.0.1.3680043.8.498.32379956176916417310461189757232340452,1,3001,1769
54,lumos_x_054/lumos_x_054_1.Dcm,AP,AP,1.2.826.0.1.3680043.8.498.29989907576856279513859810580775388254,1.2.826.0.1.3680043.8.498.33427320286926615487703468559447882386,1,2751,1794
54,lumos_x_054/lumos_x_054_2.Dcm,Lateral,Lateral,1.2.826.0.1.3680043.8.498.98267140700586321551905247523349593550,1.2.826.0.1.3680043.8.498.46877035560398952360213089062275657215,1,2365,1844
55,lumos_x_055/lumos_x_055_1.Dcm,AP,Lumbar spine ap,1.2.826.0.1.3680043.8.498.43866718310312243315110908402875639044,1.2.826.0.1.3680043.8.498.10415684600424736217862471313775822897,1,2876,1334
55,lumos_x_055/lumos_x_055_2.Dcm,Lateral,Lumbar spine lat,1.2.826.0.1.3680043.8.498.12276124039242526195397701238909724495,1.2.826.0.1.3680043.8.498.71560002698517277115863935079013645457,1,3000,2448
56,lumos_x_056/lumos_x_056_1.Dcm,AP,Lumbar spine ap,1.2.826.0.1.3680043.8.498.21776649816397772908067319186537980926,1.2.826.0.1.3680043.8.498.51141210958222853632571510460603167335,1,2852,1496
56,lumos_x_056/lumos_x_056_2.Dcm,Lateral,Lumbar spine lat,1.2.826.0.1.3680043.8.498.12522890533160956487480038318807154598,1.2.826.0.1.3680043.8.498.57148553638284043287729741554260700337,1,2852,1696
57,lumos_x_057/lumos_x_057_1.Dcm,AP,AP,1.2.826.0.1.3680043.8.498.11202385796747755676271790975454070166,1.2.826.0.1.3680043.8.498.81139760263080307294266534555276018699,1,2856,1349
57,lumos_x_057/lumos_x_057_2.Dcm,Lateral,Lateral,1.2.826.0.1.3680043.8.498.89619620676343072616161401130782342622,1.2.826.0.1.3680043.8.498.54626297753277910803803257276963781530,1,2876,1989
58,lumos_x_058/lumos_x_058_1.Dcm,AP,AP,1.2.826.0.1.3680043.8.498.63749338177644191296158904780815577567,1.2.826.0.1.3680043.8.498.13193483664213181504098299937223435358,1,2908,1710
58,lumos_x_058/lumos_x_058_2.Dcm,Lateral,Lateral,1.2.826.0.1.3680043.8.498.22405192504801829505017920855744869537,1.2.826.0.1.3680043.8.498.91559475103606583223845717200044150464,1,2923,1942
59,lumos_x_059/lumos_x_059_1.Dcm,AP,AP,1.2.826.0.1.3680043.8.498.34615027954315662508392857148852107918,1.2.826.0.1.3680043.8.498.76083690770140245447224085380912623783,1,3001,1776
59,lumos_x_059/lumos_x_059_2.Dcm,Lateral,Lateral,1.2.826.0.1.3680043.8.498.72063708057888088400273628352105161168,1.2.826.0.1.3680043.8.498.74747812215557941445916643947570817570,1,3001,1985
60,lumos_x_060/lumos_x_060_1.Dcm,AP,AP,1.2.826.0.1.3680043.8.498.12002663259724390603993963453460019115,1.2.826.0.1.3680043.8.498.93641605297010530389896059312546038089,1,2578,1757
60,lumos_x_060/lumos_x_060_2.Dcm,Lateral,Lateral,1.2.826.0.1.3680043.8.498.73020021609170680011443521980730717807,1.2.826.0.1.3680043.8.498.40434136793394109241562684372310199505,1,2561,1998
61,lumos_x_061/lumos_x_061_1.Dcm,AP,AP,1.2.826.0.1.3680043.8.498.49464570482283993676516000688014844927,1.2.826.0.1.3680043.8.498.19970314579217952938746519907716343899,1,2851,1715
61,lumos_x_061/lumos_x_061_2.Dcm,Lateral,Lateral,1.2.826.0.1.3680043.8.498.23259514249115872223404555599966186876,1.2.826.0.1.3680043.8.498.72357890108494891187365661464238047022,1,2850,1727
62,lumos_x_062/lumos_x_062_1.Dcm,AP,AP,1.2.826.0.1.3680043.8.498.25078199773464982345079136741428200923,1.2.826.0.1.3680043.8.498.75653801197229501386547139296181814419,1,3001,1677
62,lumos_x_062/lumos_x_062_2.Dcm,Lateral,Lateral,1.2.826.0.1.3680043.8.498.55708250891888767311284571466865016951,1.2.826.0.1.3680043.8.498.11336920972050828422371413051097547393,1,3001,1966
63,lumos_x_063/lumos_x_063_1.Dcm,AP,AP,1.2.826.0.1.3680043.8.498.62680515282999423289104844487215827460,1.2.826.0.1.3680043.8.498.72105342423813161245699540111995987282,1,2992,1718
63,lumos_x_063/lumos_x_063_2.Dcm,Lateral,Lateral,1.2.826.0.1.3680043.8.498.33259754752505071633232471205822722386,1.2.826.0.1.3680043.8.498.13956529023867299666703268637708148638,1,2993,1730
64,lumos_x_064/lumos_x_064_1.Dcm,AP,AP,1.2.826.0.1.3680043.8.498.34222257831048310881913285476605784511,1.2.826.0.1.3680043.8.498.87253592378199371668808119692649526134,1,2995,1409
64,lumos_x_064/lumos_x_064_2.Dcm,Lateral,Lateral,1.2.826.0.1.3680043.8.498.44551638682155268051213140231455372031,1.2.826.0.1.3680043.8.498.40601395064403149126377858989503425948,1,2297,1749
65,lumos_x_065/lumos_x_065_1.Dcm,AP,腰椎前后位,1.2.826.0.1.3680043.8.498.66723088579508401505592600707862839817,1.2.826.0.1.3680043.8.498.10346273826819286722477194273838301685,1,3320,1630
65,lumos_x_065/lumos_x_065_2.Dcm,Lateral,腰椎侧位,1.2.826.0.1.3680043.8.498.29822418217096780475622358377456773930,1.2.826.0.1.3680043.8.498.12626585193316926952446238033532399807,1,3320,1911
66,lumos_x_066/lumos_x_066_1.Dcm,AP,AP,1.2.826.0.1.3680043.8.498.11306018350403328438760277224276348903,1.2.826.0.1.3680043.8.498.55329127236660995547619549449205117847,1,2990,1792
66,lumos_x_066/lumos_x_066_2.Dcm,Lateral,Lateral,1.2.826.0.1.3680043.8.498.57421619369333246578435260927467559405,1.2.826.0.1.3680043.8.498.69829347027879651810165064577631125461,1,2988,1867
67,lumos_x_067/lumos_x_067_1.Dcm,AP,AP,1.2.826.0.1.3680043.8.498.47046025945389491141823831555537544072,1.2.826.0.1.3680043.8.498.11665979849023981373294955011327664084,1,2777,1827
67,lumos_x_067/lumos_x_067_2.Dcm,Lateral,Lateral,1.2.826.0.1.3680043.8.498.34785205433027652045011351429817083330,1.2.826.0.1.3680043.8.498.57641219340335971580668279703653775129,1,2962,1966
68,lumos_x_068/lumos_x_068_1.Dcm,AP,AP,1.2.826.0.1.3680043.8.498.12910197586036020917239375788361909200,1.2.826.0.1.3680043.8.498.34294738214831350842231991965621329223,1,2562,1518
68,lumos_x_068/lumos_x_068_2.Dcm,Lateral,Lateral,1.2.826.0.1.3680043.8.498.11893169793281051662113964036121599449,1.2.826.0.1.3680043.8.498.52164860571611107043833349132317634857,1,2345,1712
69,lumos_x_069/lumos_x_069_1.Dcm,AP,AP,1.2.826.0.1.3680043.8.498.88685912115062588765411479242820419323,1.2.826.0.1.3680043.8.498.59112618010399667245045310933752101260,1,3001,1777
69,lumos_x_069/lumos_x_069_2.Dcm,Lateral,Lateral,1.2.826.0.1.3680043.8.498.67982585085572852136439420877331492614,1.2.826.0.1.3680043.8.498.12749812755463889216802635267313006182,1,3001,1799
70,lumos_x_070/lumos_x_070_1.Dcm,AP,AP,1.2.826.0.1.3680043.8.498.50315983428367772890592940731283111383,1.2.826.0.1.3680043.8.498.22330177712839087021957039327837807914,1,2988,1744
70,lumos_x_070/lumos_x_070_2.Dcm,Lateral,Lateral,1.2.826.0.1.3680043.8.498.12158236683128754146066823580978821592,1.2.826.0.1.3680043.8.498.59967970274496771387474979085124474753,1,3000,1935
71,lumos_x_071/lumos_x_071_1.Dcm,AP,AP,1.2.826.0.1.3680043.8.498.72605785895332632361006687719752625381,1.2.826.0.1.3680043.8.498.34781538556093454302915675836173123372,1,2922,1863
71,lumos_x_071/lumos_x_071_2.Dcm,Lateral,Lateral,1.2.826.0.1.3680043.8.498.23168587632569300748554075226698548104,1.2.826.0.1.3680043.8.498.12146468087418066401081116478085914132,1,2927,2993
72,lumos_x_072/lumos_x_072_1.Dcm,AP,AP,1.2.826.0.1.3680043.8.498.57080454662329964139341783109422958281,1.2.826.0.1.3680043.8.498.81698971322997035036978370703600193466,1,2964,1724
72,lumos_x_072/lumos_x_072_2.Dcm,Lateral,Lateral,1.2.826.0.1.3680043.8.498.10718651028974232395708011182260782327,1.2.826.0.1.3680043.8.498.73821971849473076652721148050650184632,1,2966,1741
73,lumos_x_073/lumos_x_073_1.Dcm,AP,AP,1.2.826.0.1.3680043.8.498.48381450353365924109398460177138427946,1.2.826.0.1.3680043.8.498.48459288203856818837626172614868759230,1,3001,1792
73,lumos_x_073/lumos_x_073_2.Dcm,Lateral,Lateral,1.2.826.0.1.3680043.8.498.12657299134685161790335934317644254130,1.2.826.0.1.3680043.8.498.13037779468545927024647082548340642257,1,3001,1925
74,lumos_x_074/lumos_x_074_1.Dcm,AP,Lumbar spine ap,1.2.826.0.1.3680043.8.498.59306924926622113204976119108415926463,1.2.826.0.1.3680043.8.498.16343535948692197150707330343134069714,1,2998,1762
74,lumos_x_074/lumos_x_074_2.Dcm,Lateral,Lumbar spine lat,1.2.826.0.1.3680043.8.498.31701460709605160763865791303613583152,1.2.826.0.1.3680043.8.498.11011001388962156940019311916746437951,1,2866,1772
75,lumos_x_075/lumos_x_075_1.Dcm,AP,腰椎前后位,1.2.826.0.1.3680043.8.498.23427536042050106960679533019935001710,1.2.826.0.1.3680043.8.498.96320505536655381025147252160696442389,1,3320,2072
75,lumos_x_075/lumos_x_075_2.Dcm,Lateral,腰椎侧位,1.2.826.0.1.3680043.8.498.89444071228147324762922052960948593908,1.2.826.0.1.3680043.8.498.30163132458691716979974335930324066120,1,3320,2103
76,lumos_x_076/lumos_x_076_1.Dcm,AP,AP,1.2.826.0.1.3680043.8.498.12867054722820689257724369175954032377,1.2.826.0.1.3680043.8.498.11878977386658124040623314092693245153,1,2679,1496
76,lumos_x_076/lumos_x_076_2.Dcm,Lateral,Lateral,1.2.826.0.1.3680043.8.498.87456460365608804311877968818238518331,1.2.826.0.1.3680043.8.498.23494044403626898143413606471497389793,1,2496,1840
77,lumos_x_077/lumos_x_077_1.Dcm,AP,AP,1.2.826.0.1.3680043.8.498.10369377938107552369353752254115807595,1.2.826.0.1.3680043.8.498.85978956922104768045149348782620208068,1,2895,1731
77,lumos_x_077/lumos_x_077_2.Dcm,Lateral,Lateral,1.2.826.0.1.3680043.8.498.67958948023395298570866858039517332486,1.2.826.0.1.3680043.8.498.25522221407913124177742908284017184005,1,2893,1766
78,lumos_x_078/lumos_x_078_1.Dcm,AP,腰椎前后位,1.2.826.0.1.3680043.8.498.41482685475573113235825680071439665537,1.2.826.0.1.3680043.8.498.65861442935247858304237393111607907983,1,3320,1932
78,lumos_x_078/lumos_x_078_2.Dcm,Lateral,腰椎侧位,1.2.826.0.1.3680043.8.498.46675958345507295011632825140121150870,1.2.826.0.1.3680043.8.498.99168258059148022375483572357263084167,1,3320,1922
79,lumos_x_079/lumos_x_079_1.Dcm,AP,AP,1.2.826.0.1.3680043.8.498.11031239942452004130247735386130549680,1.2.826.0.1.3680043.8.498.49583362299830950088607823405500004997,1,3001,1763
79,lumos_x_079/lumos_x_079_2.Dcm,Lateral,Lateral,1.2.826.0.1.3680043.8.498.12998810195937425950404020636812357916,1.2.826.0.1.3680043.8.498.12214309718173855266841814876715732057,1,3001,1588
80,lumos_x_080/lumos_x_080_1.Dcm,AP,AP,1.2.826.0.1.3680043.8.498.45763259822983952282813096840780050421,1.2.826.0.1.3680043.8.498.98138373161426981689897725941995139509,1,2353,1478
80,lumos_x_080/lumos_x_080_2.Dcm,Lateral,Lateral,1.2.826.0.1.3680043.8.498.11177426284069145559601266845009880979,1.2.826.0.1.3680043.8.498.88936433415780115408845612972880423713,1,2598,1983
81,lumos_x_081/lumos_x_081_1.Dcm,AP,AP,1.2.826.0.1.3680043.8.498.24782188667403727050899671903456651250,1.2.826.0.1.3680043.8.498.20592838945185635021593719780700251832,1,2707,1575
81,lumos_x_081/lumos_x_081_2.Dcm,Lateral,Lateral,1.2.826.0.1.3680043.8.498.99504743713797686078838845527001132795,1.2.826.0.1.3680043.8.498.23142914153285603673167412443963448716,1,2388,1918
82,lumos_x_082/lumos_x_082_1.Dcm,AP,AP,1.2.826.0.1.3680043.8.498.33343896930819939499621188230592098667,1.2.826.0.1.3680043.8.498.11236796683425360469427256433227889212,1,3001,1998
82,lumos_x_082/lumos_x_082_4.Dcm,Lateral,Lateral,1.2.826.0.1.3680043.8.498.77896382612779398927574698602429253718,1.2.826.0.1.3680043.8.498.33902394283233797700407265245463451390,1,3001,1995
82,lumos_x_082/lumos_x_082_3.Dcm,Lateral,Lateral,1.2.826.0.1.3680043.8.498.73625158080578596433693119790825233695,1.2.826.0.1.3680043.8.498.36093303091981188800469580062483740270,1,3001,2086
82,lumos_x_082/lumos_x_082_2.Dcm,Lateral,Lateral,1.2.826.0.1.3680043.8.498.19028428763082314584527591074452109186,1.2.826.0.1.3680043.8.498.66955041259860963826656623177775307005,1,3001,1688
83,lumos_x_083/lumos_x_083_1.Dcm,AP,AP,1.2.826.0.1.3680043.8.498.87772002389960529115457410830481454461,1.2.826.0.1.3680043.8.498.28038263692694396668077382832067888772,1,3001,1787
83,lumos_x_083/lumos_x_083_2.Dcm,Lateral,Lateral,1.2.826.0.1.3680043.8.498.96967743610446742751975243180082586891,1.2.826.0.1.3680043.8.498.11553518610253973667778063848919026526,1,3001,1921
84,lumos_x_084/lumos_x_084_1.Dcm,AP,AP,1.2.826.0.1.3680043.8.498.12851789406161763773763611939760149243,1.2.826.0.1.3680043.8.498.99673179290431012671990342442509093286,1,2592,2124
84,lumos_x_084/lumos_x_084_2.Dcm,Lateral,Lateral,1.2.826.0.1.3680043.8.498.61745763616653224814814615387866680248,1.2.826.0.1.3680043.8.498.83826270901142704060704497041408750561,1,2780,2198
85,lumos_x_085/lumos_x_085_1.Dcm,AP,AP,1.2.826.0.1.3680043.8.498.24454664540058854874156080778969359912,1.2.826.0.1.3680043.8.498.25137720930242437838826781064419082320,1,2724,1740
85,lumos_x_085/lumos_x_085_2.Dcm,Lateral,Lateral,1.2.826.0.1.3680043.8.498.63175277088481176368176216164639267976,1.2.826.0.1.3680043.8.498.52769710076030942205143182594106424446,1,2658,2051
86,lumos_x_086/lumos_x_086_1.Dcm,AP,AP,1.2.826.0.1.3680043.8.498.11737739045901598982245873443959800843,1.2.826.0.1.3680043.8.498.13076922392672632981656516730932791470,1,2684,1607
86,lumos_x_086/lumos_x_086_2.Dcm,Lateral,Lateral,1.2.826.0.1.3680043.8.498.89991569018431915718495551594282262331,1.2.826.0.1.3680043.8.498.18309577139680890940686118601288092936,1,2978,1771
87,lumos_x_087/lumos_x_087_1.Dcm,AP,AP,1.2.826.0.1.3680043.8.498.81985661640106960954732461891770941708,1.2.826.0.1.3680043.8.498.10360013747320768833480866494240225017,1,2867,1688
87,lumos_x_087/lumos_x_087_2.Dcm,Lateral,Lateral,1.2.826.0.1.3680043.8.498.10101448729766479760052490328004742787,1.2.826.0.1.3680043.8.498.35984922965982282511546715788798548021,1,2866,1808
88,lumos_x_088/lumos_x_088_1.Dcm,AP,AP,1.2.826.0.1.3680043.8.498.18326862008874787758170758329167289806,1.2.826.0.1.3680043.8.498.97567524407668994147419366038773320355,1,2990,1751
88,lumos_x_088/lumos_x_088_2.Dcm,Lateral,Lateral,1.2.826.0.1.3680043.8.498.31154243730661899336956976548682717331,1.2.826.0.1.3680043.8.498.10109838138238543649039457157402158084,1,2993,2051
89,lumos_x_089/lumos_x_089_1.Dcm,AP,AP,1.2.826.0.1.3680043.8.498.10193643811140747599724566595824599817,1.2.826.0.1.3680043.8.498.11275798829101874560494490334518144163,1,2981,1768
89,lumos_x_089/lumos_x_089_2.Dcm,Lateral,Lateral,1.2.826.0.1.3680043.8.498.57084195419264375105056765605839012804,1.2.826.0.1.3680043.8.498.10071611105410006579516591379826652960,1,3001,1952
90,lumos_x_090/lumos_x_090_1.Dcm,AP,Lumbar spine ap,1.2.826.0.1.3680043.8.498.74663645381962009602430822965051750183,1.2.826.0.1.3680043.8.498.10352720983617269633915163651365660496,1,2734,1475
90,lumos_x_090/lumos_x_090_2.Dcm,Lateral,Lumbar spine lat,1.2.826.0.1.3680043.8.498.13298894723769019204630099461845698730,1.2.826.0.1.3680043.8.498.79931097095165225439705795609163039337,1,2719,1777
91,lumos_x_091/lumos_x_091_4.Dcm,AP,AP Bending,1.2.826.0.1.3680043.8.498.12169536230192256510810323324079969159,1.2.826.0.1.3680043.8.498.11774258271461824280054745328972143341,1,2974,1687
91,lumos_x_091/lumos_x_091_1.Dcm,AP,AP,1.2.826.0.1.3680043.8.498.52194911589209485692130171733318781654,1.2.826.0.1.3680043.8.498.16581133733321847937799700826518641910,1,2972,1682
91,lumos_x_091/lumos_x_091_3.Dcm,AP,AP Bending,1.2.826.0.1.3680043.8.498.68698057804871957065211104056249312328,1.2.826.0.1.3680043.8.498.50927756838325436211594412765707812999,1,2972,1948
91,lumos_x_091/lumos_x_091_2.Dcm,Lateral,Lateral,1.2.826.0.1.3680043.8.498.45707429546144803002859395827810238837,1.2.826.0.1.3680043.8.498.92223040741070959469290421846125184732,1,2991,1704
92,lumos_x_092/lumos_x_092_1.Dcm,AP,AP,1.2.826.0.1.3680043.8.498.25596968234733108711838210904094964847,1.2.826.0.1.3680043.8.498.10403083841163214558562605223684047114,1,2997,1721
92,lumos_x_092/lumos_x_092_2.Dcm,Lateral,Lateral,1.2.826.0.1.3680043.8.498.12055363464793435138350049415831544478,1.2.826.0.1.3680043.8.498.38284743820938690303501173993045392249,1,2980,1733
93,lumos_x_093/lumos_x_093_1.Dcm,AP,AP,1.2.826.0.1.3680043.8.498.11964086649009582277089927825109425321,1.2.826.0.1.3680043.8.498.90331632888337319374620619667872825785,1,2977,1721
93,lumos_x_093/lumos_x_093_2.Dcm,Lateral,Lateral,1.2.826.0.1.3680043.8.498.37345089026814417801226881587527325840,1.2.826.0.1.3680043.8.498.11261065784121831737101029906122048031,1,3001,1981
94,lumos_x_094/lumos_x_094_1.Dcm,AP,AP,1.2.826.0.1.3680043.8.498.16160144935217954152885031765083982004,1.2.826.0.1.3680043.8.498.33305544365194696566305177648405699959,1,3001,1788
94,lumos_x_094/lumos_x_094_2.Dcm,Lateral,Lateral,1.2.826.0.1.3680043.8.498.15261720872593811152647784009995300119,1.2.826.0.1.3680043.8.498.12443687851370977317260557655407307246,1,3001,1734
95,lumos_x_095/lumos_x_095_1.Dcm,AP,AP,1.2.826.0.1.3680043.8.498.97899132415289478386317323930009659827,1.2.826.0.1.3680043.8.498.28534714614433808303563212728958825558,1,2970,1679
95,lumos_x_095/lumos_x_095_2.Dcm,Lateral,Lateral,1.2.826.0.1.3680043.8.498.44796101069635919665779709861911344419,1.2.826.0.1.3680043.8.498.94427793097244202014654148862930564501,1,2985,2176
96,lumos_x_096/lumos_x_096_1.Dcm,AP,AP,1.2.826.0.1.3680043.8.498.11474762697139817182024783756077399532,1.2.826.0.1.3680043.8.498.92052236671904019549930014947835138191,1,3001,1787
96,lumos_x_096/lumos_x_096_2.Dcm,Lateral,Lateral,1.2.826.0.1.3680043.8.498.11246999528596246119485391945454763299,1.2.826.0.1.3680043.8.498.82926748051368154856148817512567235002,1,2973,1877
97,lumos_x_097/lumos_x_097_1.Dcm,AP,AP,1.2.826.0.1.3680043.8.498.12999052261326677240368549627793467350,1.2.826.0.1.3680043.8.498.59818167658603388987188268313572438867,1,3001,1743
97,lumos_x_097/lumos_x_097_2.Dcm,Lateral,Lateral,1.2.826.0.1.3680043.8.498.10393715484431095900366719934109493719,1.2.826.0.1.3680043.8.498.44873006725550250794727446535431602227,1,3001,1802
98,lumos_x_098/lumos_x_098_1.Dcm,AP,AP,1.2.826.0.1.3680043.8.498.95452783921556198368042352786043386172,1.2.826.0.1.3680043.8.498.43336522757071308015494424008037381586,1,2975,1585
98,lumos_x_098/lumos_x_098_2.Dcm,Lateral,Lateral,1.2.826.0.1.3680043.8.498.90817249521199394520031687333625439031,1.2.826.0.1.3680043.8.498.75840162976336869595907127098233484072,1,3001,1586
99,lumos_x_099/lumos_x_099_1.Dcm,AP,AP,1.2.826.0.1.3680043.8.498.63198684292397811730916456754828196568,1.2.826.0.1.3680043.8.498.26133527904729259745298634809590956051,1,2965,2154
99,lumos_x_099/lumos_x_099_2.Dcm,Lateral,Lateral,1.2.826.0.1.3680043.8.498.20558055177825682731915955163165268410,1.2.826.0.1.3680043.8.498.59848218567394082506618090015049185409,1,2951,2993
100,lumos_x_100/lumos_x_100_1.Dcm,AP,AP,1.2.826.0.1.3680043.8.498.13248465442505812778549703388545699019,1.2.826.0.1.3680043.8.498.42422456260077887015804474833448143545,1,3001,1782
100,lumos_x_100/lumos_x_100_2.Dcm,Lateral,Lateral,1.2.826.0.1.3680043.8.498.39765331119915360867837424297339269003,1.2.826.0.1.3680043.8.498.11763223769861724679560852260547640756,1,2976,1658
101,lumos_x_101/lumos_x_101_1.Dcm,AP,AP,1.2.826.0.1.3680043.8.498.10895226189229874400597089249998658116,1.2.826.0.1.3680043.8.498.12366653544366743388914301418434065384,1,2976,1794
101,lumos_x_101/lumos_x_101_2.Dcm,Lateral,Lateral,1.2.826.0.1.3680043.8.498.12959160051713047173328288718720759388,1.2.826.0.1.3680043.8.498.63621164859942738050699008541579595257,1,2812,1804
102,lumos_x_102/lumos_x_102_1.Dcm,AP,AP,1.2.826.0.1.3680043.8.498.39990326628449268290426421268376809274,1.2.826.0.1.3680043.8.498.17840427923705517747425523628935823454,1,2547,1726
102,lumos_x_102/lumos_x_102_2.Dcm,Lateral,Lateral,1.2.826.0.1.3680043.8.498.11585669413775612202206956889679197000,1.2.826.0.1.3680043.8.498.76185563906096625308526524143555877398,1,2738,1938
103,lumos_x_103/lumos_x_103_1.Dcm,AP,AP,1.2.826.0.1.3680043.8.498.28777802758982157618150871480347755971,1.2.826.0.1.3680043.8.498.21465753686503650548423716271506184399,1,2454,1382
103,lumos_x_103/lumos_x_103_2.Dcm,Lateral,Lateral,1.2.826.0.1.3680043.8.498.10621957392624431239150426316478453738,1.2.826.0.1.3680043.8.498.12219054808976241012419106384623454523,1,2510,1609
104,lumos_x_104/lumos_x_104_1.Dcm,AP,AP,1.2.826.0.1.3680043.8.498.23378524973248841632013432154081924868,1.2.826.0.1.3680043.8.498.10137804802269823698826557774220893886,1,2890,1727
104,lumos_x_104/lumos_x_104_2.Dcm,Lateral,Lateral,1.2.826.0.1.3680043.8.498.69054369950128533088782964644728261195,1.2.826.0.1.3680043.8.498.90796919108059699509917684429592494473,1,2889,1878
105,lumos_x_105/lumos_x_105_1.Dcm,AP,AP,1.2.826.0.1.3680043.8.498.31552910896346077214360262071100022966,1.2.826.0.1.3680043.8.498.92540214605150969820022639459313155099,1,3001,1778
105,lumos_x_105/lumos_x_105_2.Dcm,Lateral,Lateral,1.2.826.0.1.3680043.8.498.35339188021986038272251152375517839834,1.2.826.0.1.3680043.8.498.12846094699792274574202782625582361608,1,3001,1973
106,lumos_x_106/lumos_x_106_1.Dcm,AP,AP,1.2.826.0.1.3680043.8.498.47600579694245519216336012501390946186,1.2.826.0.1.3680043.8.498.90992354442816877022779553627775018344,1,3001,1939
106,lumos_x_106/lumos_x_106_2.Dcm,Lateral,Lateral,1.2.826.0.1.3680043.8.498.67871634706417195634460600906950730480,1.2.826.0.1.3680043.8.498.47976357938613358600967220975311577159,1,3001,2263
107,lumos_x_107/lumos_x_107_1.Dcm,AP,AP,1.2.826.0.1.3680043.8.498.31493752945578193531366630012566319606,1.2.826.0.1.3680043.8.498.11457353719404687393164671830495744236,1,2598,1691
107,lumos_x_107/lumos_x_107_2.Dcm,Lateral,Lateral,1.2.826.0.1.3680043.8.498.17178384697053799691061881853061496367,1.2.826.0.1.3680043.8.498.13121276701167245039701228447035434879,1,2660,1496
108,lumos_x_108/lumos_x_108_1.Dcm,AP,AP,1.2.826.0.1.3680043.8.498.12850503737640743595265360212173218719,1.2.826.0.1.3680043.8.498.14378377002198584774434216501734029653,1,2977,1818
108,lumos_x_108/lumos_x_108_2.Dcm,Lateral,Lateral,1.2.826.0.1.3680043.8.498.64916019526759102819649662153222953261,1.2.826.0.1.3680043.8.498.73671482601212057907879003621467016696,1,2977,1697
109,lumos_x_109/lumos_x_109_1.Dcm,AP,AP,1.2.826.0.1.3680043.8.498.15385612452358738173592850429082066901,1.2.826.0.1.3680043.8.498.66746843304681740473740164501157691082,1,2999,2169
109,lumos_x_109/lumos_x_109_2.Dcm,Lateral,Lateral,1.2.826.0.1.3680043.8.498.35991815268973688560973529345854964771,1.2.826.0.1.3680043.8.498.12526377422360991627570081373886568085,1,3001,2070
110,lumos_x_110/lumos_x_110_1.Dcm,AP,AP,1.2.826.0.1.3680043.8.498.38160987926875305743048266142029711688,1.2.826.0.1.3680043.8.498.16297755676543920490974044837856039364,1,2598,1770
110,lumos_x_110/lumos_x_110_2.Dcm,Lateral,Lateral,1.2.826.0.1.3680043.8.498.63169343696701872583849903364242250719,1.2.826.0.1.3680043.8.498.10472084483835593825674604154809627919,1,2630,1892
111,lumos_x_111/lumos_x_111_1.Dcm,AP,Lumbar spine ap,1.2.826.0.1.3680043.8.498.96525655592196918753686100126555431262,1.2.826.0.1.3680043.8.498.12668270681725761427865581587386342099,1,2579,1331
111,lumos_x_111/lumos_x_111_2.Dcm,Lateral,Lumbar spine lat,1.2.826.0.1.3680043.8.498.47062751124599438122192956755780503484,1.2.826.0.1.3680043.8.498.41782760230145652826491539304870015963,1,2705,1433
112,lumos_x_112/lumos_x_112_1.Dcm,AP,AP,1.2.826.0.1.3680043.8.498.10520076519064083799025120663759446690,1.2.826.0.1.3680043.8.498.69423162621485596316873451052842562137,1,2992,1723
112,lumos_x_112/lumos_x_112_2.Dcm,Lateral,Lateral,1.2.826.0.1.3680043.8.498.75414291796758565265366568753241728016,1.2.826.0.1.3680043.8.498.83656488360132576484220341742068323484,1,2996,1722
113,lumos_x_113/lumos_x_113_1.Dcm,AP,AP,1.2.826.0.1.3680043.8.498.47112752321625530436786015040196035882,1.2.826.0.1.3680043.8.498.53820032539911670488381154396223656550,1,3001,1788
113,lumos_x_113/lumos_x_113_2.Dcm,Lateral,Lateral,1.2.826.0.1.3680043.8.498.11033400069345512654859752497085844659,1.2.826.0.1.3680043.8.498.62679655651202697748458811227139856103,1,3001,1805
114,lumos_x_114/lumos_x_114_1.Dcm,AP,AP,1.2.826.0.1.3680043.8.498.91148991966759081135816322471115473231,1.2.826.0.1.3680043.8.498.21839357832092093288496623273335618539,1,3001,1787
114,lumos_x_114/lumos_x_114_2.Dcm,Lateral,Lateral,1.2.826.0.1.3680043.8.498.27709298117777835984581370993701833750,1.2.826.0.1.3680043.8.498.10814023735515145516721432385171138774,1,3001,1932
115,lumos_x_115/lumos_x_115_1.Dcm,AP,AP,1.2.826.0.1.3680043.8.498.27878076362287958026131466039522894233,1.2.826.0.1.3680043.8.498.12821448410192013834683337006084098163,1,2382,1495
115,lumos_x_115/lumos_x_115_2.Dcm,Lateral,Lateral,1.2.826.0.1.3680043.8.498.63535647216566948810090830334352658065,1.2.826.0.1.3680043.8.498.12644400301875202117989947572857768885,1,2348,1732
116,lumos_x_116/lumos_x_116_1.Dcm,AP,AP,1.2.826.0.1.3680043.8.498.11967990734653696579480888135587345660,1.2.826.0.1.3680043.8.498.11686773206342222308623511010025429679,1,2816,2182
116,lumos_x_116/lumos_x_116_2.Dcm,Lateral,Lateral,1.2.826.0.1.3680043.8.498.75597202064694350186838961951681526496,1.2.826.0.1.3680043.8.498.72116551863115525540952394801029888193,1,2818,2217
117,lumos_x_117/lumos_x_117_1.Dcm,AP,AP,1.2.826.0.1.3680043.8.498.34082075072904000763845992820740413208,1.2.826.0.1.3680043.8.498.61151292030576827684872340175620303094,1,2618,1478
117,lumos_x_117/lumos_x_117_2.Dcm,Lateral,Lateral,1.2.826.0.1.3680043.8.498.25707433410719528728456135471804543614,1.2.826.0.1.3680043.8.498.98240370559425188859288265254758034170,1,2671,1882
118,lumos_x_118/lumos_x_118_1.Dcm,AP,AP,1.2.826.0.1.3680043.8.498.10017926577843490703068308807258198754,1.2.826.0.1.3680043.8.498.38099839867922165188728824297037489430,1,2988,1685
118,lumos_x_118/lumos_x_118_2.Dcm,Lateral,Lateral,1.2.826.0.1.3680043.8.498.36844654983007453236337474409648379321,1.2.826.0.1.3680043.8.498.84624506572072508966341913811266937307,1,2993,1848
119,lumos_x_119/lumos_x_119_1.Dcm,AP,AP,1.2.826.0.1.3680043.8.498.25371736106562181576471211298113785160,1.2.826.0.1.3680043.8.498.12445732354506647596928729703027752204,1,2413,1796
119,lumos_x_119/lumos_x_119_2.Dcm,Lateral,Lateral,1.2.826.0.1.3680043.8.498.91817889912420451409982035146488962650,1.2.826.0.1.3680043.8.498.13212867383770483494832358324458522299,1,2449,1676
120,lumos_x_120/lumos_x_120_1.Dcm,AP,AP,1.2.826.0.1.3680043.8.498.42545972867139599549025734316514653001,1.2.826.0.1.3680043.8.498.63807789463494701099936338578999897194,1,2972,1872
120,lumos_x_120/lumos_x_120_2.Dcm,Lateral,Lateral,1.2.826.0.1.3680043.8.498.23006792097552537576777432544155342787,1.2.826.0.1.3680043.8.498.80717093506824929791674751153389540831,1,2973,1715
121,lumos_x_121/lumos_x_121_1.Dcm,AP,AP,1.2.826.0.1.3680043.8.498.25124491577659387591980317305802545716,1.2.826.0.1.3680043.8.498.66641428477701206567525528316074643022,1,2992,1697
121,lumos_x_121/lumos_x_121_2.Dcm,Lateral,Lateral,1.2.826.0.1.3680043.8.498.86838244880353845893904785584774047846,1.2.826.0.1.3680043.8.498.15388637845217251069655749346749768166,1,2699,1552
122,lumos_x_122/lumos_x_122_1.Dcm,AP,AP,1.2.826.0.1.3680043.8.498.10654123115207350765312222810828798763,1.2.826.0.1.3680043.8.498.97351872924850213753666241157970147963,1,2719,1677
122,lumos_x_122/lumos_x_122_2.Dcm,Lateral,Lateral,1.2.826.0.1.3680043.8.498.85921428420182776328564857525385953618,1.2.826.0.1.3680043.8.498.11541145233123353795428866500033140397,1,2720,1919
123,lumos_x_123/lumos_x_123_1.Dcm,AP,AP,1.2.826.0.1.3680043.8.498.58708697775014664818817186882470264144,1.2.826.0.1.3680043.8.498.11924878091974902227384425323578884609,1,3001,1616
123,lumos_x_123/lumos_x_123_2.Dcm,Lateral,Lateral,1.2.826.0.1.3680043.8.498.10082697984372367185733793584744506326,1.2.826.0.1.3680043.8.498.11139831005516658593494175101556714792,1,2896,1930
124,lumos_x_124/lumos_x_124_1.Dcm,AP,AP,1.2.826.0.1.3680043.8.498.76640569248644129867240375210262473812,1.2.826.0.1.3680043.8.498.13388907884657023124569282382145571062,1,2840,1581
124,lumos_x_124/lumos_x_124_2.Dcm,Lateral,Lateral,1.2.826.0.1.3680043.8.498.69779403571893633960049973753954166524,1.2.826.0.1.3680043.8.498.71758539342876455843542606451681017240,1,2994,1686
125,lumos_x_125/lumos_x_125_1.Dcm,AP,AP,1.2.826.0.1.3680043.8.498.77832664933803596876277438377743953860,1.2.826.0.1.3680043.8.498.10382977624503395080530576689924624124,1,3001,1781
125,lumos_x_125/lumos_x_125_2.Dcm,Lateral,Lateral,1.2.826.0.1.3680043.8.498.18286423759863605816883632710470463353,1.2.826.0.1.3680043.8.498.96586461797725018932398535524228251521,1,3001,2250
126,lumos_x_126/lumos_x_126_1.Dcm,AP,AP,1.2.826.0.1.3680043.8.498.10565352769476499162548172117058882477,1.2.826.0.1.3680043.8.498.11742693807087245867247514984528827890,1,3001,1749
126,lumos_x_126/lumos_x_126_2.Dcm,Lateral,Lateral,1.2.826.0.1.3680043.8.498.12625699811320900192197961271090554836,1.2.826.0.1.3680043.8.498.27611275550246890826787187605742440432,1,3001,1747
127,lumos_x_127/lumos_x_127_1.Dcm,AP,腰椎前后位,1.2.826.0.1.3680043.8.498.68500464099315888747893583725753907380,1.2.826.0.1.3680043.8.498.42322909976697340277494429116771979292,1,3126,1912
127,lumos_x_127/lumos_x_127_2.Dcm,Lateral,腰椎侧位,1.2.826.0.1.3680043.8.498.78022863038274512601247197517670637698,1.2.826.0.1.3680043.8.498.29178274513196777925914688453664268478,1,2772,1883
128,lumos_x_128/lumos_x_128_1.Dcm,AP,AP,1.2.826.0.1.3680043.8.498.66629584151553531589268928765543252954,1.2.826.0.1.3680043.8.498.64613629970724271610039490687665405801,1,2861,1471
128,lumos_x_128/lumos_x_128_2.Dcm,Lateral,Lateral,1.2.826.0.1.3680043.8.498.11182269305565921045787681684935488531,1.2.826.0.1.3680043.8.498.40186910056361519903508877882500684815,1,2988,1686
129,lumos_x_129/lumos_x_129_1.Dcm,AP,AP,1.2.826.0.1.3680043.8.498.81605541961481346174047043340269445016,1.2.826.0.1.3680043.8.498.10450459532853825088853962230527862755,1,2882,1510
129,lumos_x_129/lumos_x_129_2.Dcm,Lateral,Lateral,1.2.826.0.1.3680043.8.498.50001013682844075815387618044282155373,1.2.826.0.1.3680043.8.498.79815506811055175769753527832347233229,1,2702,1602
130,lumos_x_130/lumos_x_130_1.Dcm,AP,AP,1.2.826.0.1.3680043.8.498.59792415450728442277608426442781158131,1.2.826.0.1.3680043.8.498.39868102344235478387992676400886100564,1,2991,1905
130,lumos_x_130/lumos_x_130_2.Dcm,Lateral,Lateral,1.2.826.0.1.3680043.8.498.12358050045391889372295715845085907924,1.2.826.0.1.3680043.8.498.59841592649358742690047285951610061406,1,3001,2189
131,lumos_x_131/lumos_x_131_1.Dcm,AP,AP,1.2.826.0.1.3680043.8.498.52040399184344093111408379222928154152,1.2.826.0.1.3680043.8.498.40556242400521806926564831757217562788,1,2977,1751
131,lumos_x_131/lumos_x_131_3.Dcm,AP,AP,1.2.826.0.1.3680043.8.498.13526651179374462723674083782019164111,1.2.826.0.1.3680043.8.498.82273397492491741574605980442740322815,1,2977,1751
131,lumos_x_131/lumos_x_131_2.Dcm,Lateral,Lateral,1.2.826.0.1.3680043.8.498.81218088906827830537467531956422418243,1.2.826.0.1.3680043.8.498.12072259134541352613360993134565527577,1,2973,1766
131,lumos_x_131/lumos_x_131_4.Dcm,Lateral,Lateral,1.2.826.0.1.3680043.8.498.69183531357338250685359946146688749388,1.2.826.0.1.3680043.8.498.13063215638736647498644133233510374291,1,2973,1766
132,lumos_x_132/lumos_x_132_1.Dcm,AP,腰椎前后位,1.2.826.0.1.3680043.8.498.48462786762368460560529513592845276344,1.2.826.0.1.3680043.8.498.13162878220618726904661063020886694168,1,3320,1911
132,lumos_x_132/lumos_x_132_2.Dcm,Lateral,腰椎侧位,1.2.826.0.1.3680043.8.498.38223974489117489185107363434461989599,1.2.826.0.1.3680043.8.498.38994020862317283613381838469816640004,1,3320,2624
133,lumos_x_133/lumos_x_133_1.Dcm,AP,AP,1.2.826.0.1.3680043.8.498.67386128851290916156663156598322782042,1.2.826.0.1.3680043.8.498.12090862247164598284210326633297203956,1,2958,2031
133,lumos_x_133/lumos_x_133_2.Dcm,Lateral,Lateral,1.2.826.0.1.3680043.8.498.66166549245738467369375378731212340204,1.2.826.0.1.3680043.8.498.73447097952138869508689297458597533715,1,2767,2295
134,lumos_x_134/lumos_x_134_1.Dcm,AP,腰椎前后位,1.2.826.0.1.3680043.8.498.50011103859603511251009858818205078495,1.2.826.0.1.3680043.8.498.20643841369931528279563079437904962005,1,2861,1891
134,lumos_x_134/lumos_x_134_2.Dcm,Lateral,腰椎侧位,1.2.826.0.1.3680043.8.498.10969342014478874089837398780799386797,1.2.826.0.1.3680043.8.498.88212784302542850759542844384051657339,1,3012,1901
135,lumos_x_135/lumos_x_135_1.Dcm,AP,Lumbar spine ap,1.2.826.0.1.3680043.8.498.24499078431912293303158503899401459560,1.2.826.0.1.3680043.8.498.35219864285449838597756722191977483830,1,2611,1402
135,lumos_x_135/lumos_x_135_2.Dcm,Lateral,Lumbar spine lat,1.2.826.0.1.3680043.8.498.11946150498179356583094806166040184533,1.2.826.0.1.3680043.8.498.11412821351949487077458212743392413739,1,2365,2112
136,lumos_x_136/lumos_x_136_1.Dcm,AP,AP,1.2.826.0.1.3680043.8.498.34241829455481182469341995064896742652,1.2.826.0.1.3680043.8.498.10143684527891886965414431300420511119,1,2999,1710
136,lumos_x_136/lumos_x_136_2.Dcm,Lateral,Lateral,1.2.826.0.1.3680043.8.498.11639301331041019401314823690869933714,1.2.826.0.1.3680043.8.498.32324184176311954942649352472772361918,1,2977,2166
137,lumos_x_137/lumos_x_137_1.Dcm,AP,AP,1.2.826.0.1.3680043.8.498.73229346646346060948307415005368587221,1.2.826.0.1.3680043.8.498.76353505314853153871490896563084517745,1,3001,1982
137,lumos_x_137/lumos_x_137_2.Dcm,Lateral,Lateral,1.2.826.0.1.3680043.8.498.66806230225211932215413884079945382675,1.2.826.0.1.3680043.8.498.39079394590042360687901897336743053569,1,3001,2195
138,lumos_x_138/lumos_x_138_1.Dcm,AP,AP,1.2.826.0.1.3680043.8.498.24717893483935164645253442798759617242,1.2.826.0.1.3680043.8.498.34676788521763143067154914528786528071,1,3001,1786
138,lumos_x_138/lumos_x_138_2.Dcm,Lateral,Lateral,1.2.826.0.1.3680043.8.498.36263551762226112515218327607010542901,1.2.826.0.1.3680043.8.498.36793965720510802171312457249287569574,1,3001,1481
139,lumos_x_139/lumos_x_139_1.Dcm,AP,AP,1.2.826.0.1.3680043.8.498.26920176905773735439376513426115016485,1.2.826.0.1.3680043.8.498.56234629170110894458886838069135866674,1,2981,1691
139,lumos_x_139/lumos_x_139_2.Dcm,Lateral,Lateral,1.2.826.0.1.3680043.8.498.12098959814069751842715556579438841573,1.2.826.0.1.3680043.8.498.57996769403702567128574377396016991902,1,2978,1678
140,lumos_x_140/lumos_x_140_1.Dcm,AP,AP,1.2.826.0.1.3680043.8.498.59243367610019318135227446386201810896,1.2.826.0.1.3680043.8.498.12423804932654942583936560668693452299,1,2360,1467
140,lumos_x_140/lumos_x_140_2.Dcm,AP,AP,1.2.826.0.1.3680043.8.498.30088028224984497192615007922029240428,1.2.826.0.1.3680043.8.498.13108428926680831932734410386121382583,1,2443,1505
141,lumos_x_141/lumos_x_141_1.Dcm,AP,腰椎前后位,1.2.826.0.1.3680043.8.498.93084984420234374913919869663827916709,1.2.826.0.1.3680043.8.498.93250826514598377319947474904786091874,1,3320,1536
141,lumos_x_141/lumos_x_141_2.Dcm,Lateral,腰椎侧位,1.2.826.0.1.3680043.8.498.81727152855494539395396626979542738639,1.2.826.0.1.3680043.8.498.83332036502261430823698254344330470925,1,3320,2152
142,lumos_x_142/lumos_x_142_1.Dcm,AP,AP,1.2.826.0.1.3680043.8.498.10356264487152565993187308955695782617,1.2.826.0.1.3680043.8.498.23490794394565349200074633714038058410,1,2993,1717
142,lumos_x_142/lumos_x_142_2.Dcm,Lateral,Lateral,1.2.826.0.1.3680043.8.498.63848253913850907193028693760338379666,1.2.826.0.1.3680043.8.498.64343364467174084960416407626627747196,1,2985,2043
143,lumos_x_143/lumos_x_143_1.Dcm,AP,AP,1.2.826.0.1.3680043.8.498.21694529989890881286583283395529977693,1.2.826.0.1.3680043.8.498.13048686453756775749007366897777953818,1,2977,1770
143,lumos_x_143/lumos_x_143_2.Dcm,Lateral,Lateral,1.2.826.0.1.3680043.8.498.42957223440188686876817800343997671745,1.2.826.0.1.3680043.8.498.94791137674226568617112144864557198098,1,3001,2134
144,lumos_x_144/lumos_x_144_1.Dcm,AP,AP,1.2.826.0.1.3680043.8.498.46172671393730389849046460293573848855,1.2.826.0.1.3680043.8.498.83211934988165789517665682625059168279,1,2606,1643
144,lumos_x_144/lumos_x_144_2.Dcm,Lateral,Lateral,1.2.826.0.1.3680043.8.498.12021527432437334884449926731408141274,1.2.826.0.1.3680043.8.498.12849499877505054289435208121495519748,1,3001,1517
145,lumos_x_145/lumos_x_145_1.Dcm,AP,腰椎前后位,1.2.826.0.1.3680043.8.498.55061643349375139223871418503919106018,1.2.826.0.1.3680043.8.498.80316300361155698057721863263796171536,1,3320,1564
145,lumos_x_145/lumos_x_145_2.Dcm,Lateral,腰椎侧位,1.2.826.0.1.3680043.8.498.11678599789101051218010750099377783848,1.2.826.0.1.3680043.8.498.94145289138817138852308553723973823622,1,3320,2594
146,lumos_x_146/lumos_x_146_1.Dcm,AP,Lumbar spine ap,1.2.826.0.1.3680043.8.498.26424752083515725994409427802320422150,1.2.826.0.1.3680043.8.498.37911572328278057981409505270847842137,1,3000,1661
146,lumos_x_146/lumos_x_146_2.Dcm,Lateral,Lumbar spine lat,1.2.826.0.1.3680043.8.498.20401400713868503564002728580360596003,1.2.826.0.1.3680043.8.498.80414093333842629200485681778452539242,1,3000,1452
147,lumos_x_147/lumos_x_147_1.Dcm,AP,AP,1.2.826.0.1.3680043.8.498.58191383596814134716411428456827972214,1.2.826.0.1.3680043.8.498.75563678679563018087041046611798587715,1,2990,1716
147,lumos_x_147/lumos_x_147_2.Dcm,Lateral,Lateral,1.2.826.0.1.3680043.8.498.11567321441053606508926196997388088620,1.2.826.0.1.3680043.8.498.51044398878171018814220814981800608468,1,2979,1718
148,lumos_x_148/lumos_x_148_1.Dcm,AP,AP,1.2.826.0.1.3680043.8.498.19476080871581631590536178818493713679,1.2.826.0.1.3680043.8.498.76367484401147412122739839384209138624,1,2973,1944
148,lumos_x_148/lumos_x_148_2.Dcm,Lateral,Lateral,1.2.826.0.1.3680043.8.498.86816285196648757485103078636834773509,1.2.826.0.1.3680043.8.498.32440950999656144444340782474628608302,1,2663,1729
149,lumos_x_149/lumos_x_149_1.Dcm,AP,AP,1.2.826.0.1.3680043.8.498.11519023870183434609874187365531753144,1.2.826.0.1.3680043.8.498.16842571916765561157989067986730079268,1,2998,1726
149,lumos_x_149/lumos_x_149_2.Dcm,Lateral,Lateral,1.2.826.0.1.3680043.8.498.17731029250916235723181966752576956850,1.2.826.0.1.3680043.8.498.76310555910611612884989824101189455353,1,2977,1748
150,lumos_x_150/lumos_x_150_1.Dcm,AP,AP,1.2.826.0.1.3680043.8.498.52290143542269449963020553377342339594,1.2.826.0.1.3680043.8.498.79493323328239807837004250422669205962,1,2997,1706
150,lumos_x_150/lumos_x_150_2.Dcm,Lateral,Lateral,1.2.826.0.1.3680043.8.498.39879200472655918671709073266897832303,1.2.826.0.1.3680043.8.498.98554366964659458678254510480065651151,1,2986,2168
151,lumos_x_151/lumos_x_151_1.Dcm,AP,AP,1.2.826.0.1.3680043.8.498.38997806627743383083471208943352084012,1.2.826.0.1.3680043.8.498.52410879392170887200896793179549437091,1,2974,1782
151,lumos_x_151/lumos_x_151_2.Dcm,Lateral,Lateral,1.2.826.0.1.3680043.8.498.64431109877737703797825412989988635885,1.2.826.0.1.3680043.8.498.57521141004248836541646400380601208222,1,2814,1862
152,lumos_x_152/lumos_x_152_1.Dcm,AP,AP,1.2.826.0.1.3680043.8.498.12725881525394275328354971293828684062,1.2.826.0.1.3680043.8.498.55364605399558574975092245655986351633,1,2977,1710
152,lumos_x_152/lumos_x_152_2.Dcm,Lateral,Lateral,1.2.826.0.1.3680043.8.498.13030098093755438479657631369205249050,1.2.826.0.1.3680043.8.498.67569385338044364871439377101704987240,1,2977,1715
153,lumos_x_153/lumos_x_153_1.Dcm,AP,Lumbar spine ap,1.2.826.0.1.3680043.8.498.42280761727392737153291479001374356997,1.2.826.0.1.3680043.8.498.21428502156654515237626113156144920635,1,2788,1546
153,lumos_x_153/lumos_x_153_2.Dcm,Lateral,Lumbar spine lat,1.2.826.0.1.3680043.8.498.52070897515888823765271654945722320808,1.2.826.0.1.3680043.8.498.19095698993127003960874102829161079991,1,2979,2236
154,lumos_x_154/lumos_x_154_1.Dcm,AP,AP,1.2.826.0.1.3680043.8.498.85560307951575106942586020359490904966,1.2.826.0.1.3680043.8.498.54874781290325406836241389900604359584,1,2946,2170
154,lumos_x_154/lumos_x_154_2.Dcm,Lateral,Lateral,1.2.826.0.1.3680043.8.498.43728479955273912655591524682353341519,1.2.826.0.1.3680043.8.498.42968528212301265147023259725415342545,1,2949,2324
155,lumos_x_155/lumos_x_155_1.Dcm,AP,AP,1.2.826.0.1.3680043.8.498.31152860742509081816153257364029939046,1.2.826.0.1.3680043.8.498.37664074432752373968395834812131373579,1,3001,1719
155,lumos_x_155/lumos_x_155_2.Dcm,Lateral,Lateral,1.2.826.0.1.3680043.8.498.74374200470049382514081290524116815139,1.2.826.0.1.3680043.8.498.12276369014106607714668290121289200455,1,2586,1548
156,lumos_x_156/lumos_x_156_1.Dcm,AP,AP,1.2.826.0.1.3680043.8.498.47011590731983075105695514996449577577,1.2.826.0.1.3680043.8.498.38100570349535019705203177186982689138,1,2998,1962
156,lumos_x_156/lumos_x_156_2.Dcm,Lateral,Lateral,1.2.826.0.1.3680043.8.498.63232672276943802787679531018052853991,1.2.826.0.1.3680043.8.498.85168127820958770817215273945105481329,1,3001,2769
157,lumos_x_157/lumos_x_157_1.Dcm,AP,AP,1.2.826.0.1.3680043.8.498.73229544352322119312098464481719155240,1.2.826.0.1.3680043.8.498.60541011786655082950617352350089238620,1,2668,1751
157,lumos_x_157/lumos_x_157_2.Dcm,Lateral,Lateral,1.2.826.0.1.3680043.8.498.80246105717142566858062892452431164282,1.2.826.0.1.3680043.8.498.29111837491389997903281729590220408430,1,2747,1784
158,lumos_x_158/lumos_x_158_1.Dcm,AP,AP,1.2.826.0.1.3680043.8.498.11254312247686940537433755387995246620,1.2.826.0.1.3680043.8.498.11152755230351750092653802448864377708,1,2997,1714
158,lumos_x_158/lumos_x_158_2.Dcm,Lateral,Lateral,1.2.826.0.1.3680043.8.498.55962527675568724024290860354381424250,1.2.826.0.1.3680043.8.498.76847995757528456422358403511962104982,1,2978,1725
159,lumos_x_159/lumos_x_159_1.Dcm,AP,AP,1.2.826.0.1.3680043.8.498.35860981634841562781415376977778463591,1.2.826.0.1.3680043.8.498.10287234806520093224490041235492666216,1,2942,1594
159,lumos_x_159/lumos_x_159_2.Dcm,Lateral,Lateral,1.2.826.0.1.3680043.8.498.48615043827941128369975238690003129202,1.2.826.0.1.3680043.8.498.52729536766230664605668001188180639890,1,2798,1579
160,lumos_x_160/lumos_x_160_1.Dcm,AP,AP,1.2.826.0.1.3680043.8.498.11704174749123733157495646584237187291,1.2.826.0.1.3680043.8.498.93599035506752144422657940561524345475,1,2609,1739
160,lumos_x_160/lumos_x_160_2.Dcm,Lateral,Lateral,1.2.826.0.1.3680043.8.498.81319548179637961234164590506246291699,1.2.826.0.1.3680043.8.498.13385244097333116882021136801047041634,1,2405,1597
161,lumos_x_161/lumos_x_161_1.Dcm,AP,AP,1.2.826.0.1.3680043.8.498.59800869953669814318528214586763011768,1.2.826.0.1.3680043.8.498.96348902216114230258433270389815583795,1,2619,1797
161,lumos_x_161/lumos_x_161_2.Dcm,Lateral,Lateral,1.2.826.0.1.3680043.8.498.59288629255561809944636061939263281662,1.2.826.0.1.3680043.8.498.15389167218452701585078374751428328705,1,2796,1981
162,lumos_x_162/lumos_x_162_1.Dcm,AP,AP,1.2.826.0.1.3680043.8.498.95051008349954063430978715001934042412,1.2.826.0.1.3680043.8.498.58521552674091529406030376578189271272,1,2833,1713
162,lumos_x_162/lumos_x_162_2.Dcm,Lateral,Lateral,1.2.826.0.1.3680043.8.498.82440170608587524038091173515729695941,1.2.826.0.1.3680043.8.498.25155723818094515302801416213583114554,1,2566,1873
163,lumos_x_163/lumos_x_163_1.Dcm,AP,AP,1.2.826.0.1.3680043.8.498.24266944693058384396848082988761308034,1.2.826.0.1.3680043.8.498.31036771566117255035228064221980394815,1,2977,1759
163,lumos_x_163/lumos_x_163_2.Dcm,Lateral,Lateral,1.2.826.0.1.3680043.8.498.12831318914928965014328603661734025025,1.2.826.0.1.3680043.8.498.11774401353861922317125930481745217202,1,3001,1965
164,lumos_x_164/lumos_x_164_1.Dcm,AP,AP,1.2.826.0.1.3680043.8.498.85572267702022682024089577743734346275,1.2.826.0.1.3680043.8.498.11496404146953232892286997861466808366,1,2695,1557
164,lumos_x_164/lumos_x_164_2.Dcm,Lateral,Lateral,1.2.826.0.1.3680043.8.498.53789138942728803813530389321003191243,1.2.826.0.1.3680043.8.498.10095519960492264224561451849835600719,1,2410,1585
165,lumos_x_165/lumos_x_165_2.Dcm,AP,腰椎前后位,1.2.826.0.1.3680043.8.498.11366659415997104339098101753583896575,1.2.826.0.1.3680043.8.498.12020600296354603204995969955507288779,1,3150,1912
165,lumos_x_165/lumos_x_165_1.Dcm,Lateral,腰椎侧位,1.2.826.0.1.3680043.8.498.78072971290725634703118645445977139264,1.2.826.0.1.3680043.8.498.94244410390547989922835866574928251615,1,2534,1921
166,lumos_x_166/lumos_x_166_1.Dcm,AP,AP,1.2.826.0.1.3680043.8.498.10376629947113279525223443857276646955,1.2.826.0.1.3680043.8.498.11615753122315306735201891242565777662,1,2977,1785
166,lumos_x_166/lumos_x_166_2.Dcm,Lateral,Lateral,1.2.826.0.1.3680043.8.498.47695011069806787547565149364225645861,1.2.826.0.1.3680043.8.498.13295852271403225980978500064093324195,1,2996,1583
167,lumos_x_167/lumos_x_167_1.Dcm,AP,AP,1.2.826.0.1.3680043.8.498.69015763895971010652699505586290221486,1.2.826.0.1.3680043.8.498.60825245470171196311637126018037435601,1,2990,1744
167,lumos_x_167/lumos_x_167_2.Dcm,Lateral,Lateral,1.2.826.0.1.3680043.8.498.12634108221888911649634442722848934906,1.2.826.0.1.3680043.8.498.13298955204915994168944434817563097081,1,3001,1870
168,lumos_x_168/lumos_x_168_1.Dcm,AP,AP,1.2.826.0.1.3680043.8.498.64216027252779708719100907364164308636,1.2.826.0.1.3680043.8.498.11464834191558253771954715666022839133,1,2800,1699
168,lumos_x_168/lumos_x_168_2.Dcm,Lateral,Lateral,1.2.826.0.1.3680043.8.498.86349874475047530425979745285419880948,1.2.826.0.1.3680043.8.498.98092341356981345084041404757412778024,1,2800,1709
169,lumos_x_169/lumos_x_169_1.Dcm,AP,AP,1.2.826.0.1.3680043.8.498.96522845739090489994470131517872106018,1.2.826.0.1.3680043.8.498.10005804904691562363421949881691839360,1,2763,1683
169,lumos_x_169/lumos_x_169_2.Dcm,Lateral,Lateral,1.2.826.0.1.3680043.8.498.72507936279225337514940462456503724493,1.2.826.0.1.3680043.8.498.45504643244728506606125009471892063663,1,2978,1930
170,lumos_x_170/lumos_x_170_1.Dcm,AP,AP,1.2.826.0.1.3680043.8.498.49940732173000686809824313688833734105,1.2.826.0.1.3680043.8.498.22029578175690738904143006473154090462,1,3001,1784
170,lumos_x_170/lumos_x_170_2.Dcm,Lateral,Lateral,1.2.826.0.1.3680043.8.498.36640524428654061251943220650292758066,1.2.826.0.1.3680043.8.498.10870906326166776826245915435862464782,1,3001,1804
171,lumos_x_171/lumos_x_171_1.Dcm,AP,AP,1.2.826.0.1.3680043.8.498.88448372530497629245902464791504801132,1.2.826.0.1.3680043.8.498.47851861230742469215469928990008316080,1,2646,1569
171,lumos_x_171/lumos_x_171_2.Dcm,Lateral,Lateral,1.2.826.0.1.3680043.8.498.71936282046787542343236073813361157282,1.2.826.0.1.3680043.8.498.58028706940915285669694408595721904557,1,2840,1617
172,lumos_x_172/lumos_x_172_2.Dcm,AP,AP,1.2.826.0.1.3680043.8.498.35273609341237315394293165394398938828,1.2.826.0.1.3680043.8.498.13197969137083645212671610294052252729,1,3000,1831
172,lumos_x_172/lumos_x_172_1.Dcm,AP,AP,1.2.826.0.1.3680043.8.498.92821068808606650334484187698433112486,1.2.826.0.1.3680043.8.498.83000569554551681550099386131732178856,1,2999,1601
173,lumos_x_173/lumos_x_173_1.Dcm,AP,AP,1.2.826.0.1.3680043.8.498.14268089634726215082068817646732032125,1.2.826.0.1.3680043.8.498.64485069795356134320258799021427177644,1,2866,1701
173,lumos_x_173/lumos_x_173_2.Dcm,Lateral,Lateral,1.2.826.0.1.3680043.8.498.10105039967921012878072066795813124339,1.2.826.0.1.3680043.8.498.13297759443020690663813063348011135674,1,2867,1712
174,lumos_x_174/lumos_x_174_1.Dcm,AP,AP,1.2.826.0.1.3680043.8.498.12799059150968402641183198971894863909,1.2.826.0.1.3680043.8.498.11800120072412668160680940454081010231,1,2818,1675
174,lumos_x_174/lumos_x_174_2.Dcm,Lateral,Lateral,1.2.826.0.1.3680043.8.498.24579890575843657822850319788007078848,1.2.826.0.1.3680043.8.498.10187598351878817035798146064919048909,1,2609,1735
175,lumos_x_175/lumos_x_175_1.Dcm,AP,AP,1.2.826.0.1.3680043.8.498.11065429059704155507692670298107324667,1.2.826.0.1.3680043.8.498.26041254305592826505761497121180168830,1,2995,1538
175,lumos_x_175/lumos_x_175_2.Dcm,Lateral,Lateral,1.2.826.0.1.3680043.8.498.88775715703619691751859689081229230983,1.2.826.0.1.3680043.8.498.85219814280473596497634055380961709850,1,2676,2409
176,lumos_x_176/lumos_x_176_1.Dcm,AP,AP,1.2.826.0.1.3680043.8.498.31029756827688511283980971338496050569,1.2.826.0.1.3680043.8.498.28864530454310718676467239532223203703,1,2066,1706
176,lumos_x_176/lumos_x_176_2.Dcm,Lateral,Lateral,1.2.826.0.1.3680043.8.498.10649197640223727240523818880529254269,1.2.826.0.1.3680043.8.498.30966966061722416806911967205807513221,1,2896,1721
177,lumos_x_177/lumos_x_177_1.Dcm,AP,AP,1.2.826.0.1.3680043.8.498.12361436421712371828202881926600889438,1.2.826.0.1.3680043.8.498.83692393607403937658056364049999767552,1,2991,1714
177,lumos_x_177/lumos_x_177_2.Dcm,Lateral,Lateral,1.2.826.0.1.3680043.8.498.92349886059596429661900167780697248018,1.2.826.0.1.3680043.8.498.18507848483025490191348338767802401677,1,2991,2012
178,lumos_x_178/lumos_x_178_1.Dcm,AP,AP,1.2.826.0.1.3680043.8.498.38056509953498103497028786012524858245,1.2.826.0.1.3680043.8.498.11866682910231246478150171228453900754,1,2578,1465
178,lumos_x_178/lumos_x_178_2.Dcm,Lateral,Lateral,1.2.826.0.1.3680043.8.498.54251113862004046818728028407047483642,1.2.826.0.1.3680043.8.498.28163475960949058435054093348973063387,1,2425,1618
179,lumos_x_179/lumos_x_179_1.Dcm,AP,AP,1.2.826.0.1.3680043.8.498.58933264860651200232409365669482433694,1.2.826.0.1.3680043.8.498.12294264657492337539525017730185310390,1,3001,1795
179,lumos_x_179/lumos_x_179_2.Dcm,Lateral,Lateral,1.2.826.0.1.3680043.8.498.57840520237981947853911519528990715358,1.2.826.0.1.3680043.8.498.79283373435432813338658061979266172909,1,2626,1943
180,lumos_x_180/lumos_x_180_1.Dcm,AP,腰椎前后位,1.2.826.0.1.3680043.8.498.33438975114374566871244372458698392602,1.2.826.0.1.3680043.8.498.66590986094292979174352350721715757054,1,3071,1898
180,lumos_x_180/lumos_x_180_2.Dcm,Lateral,腰椎侧位,1.2.826.0.1.3680043.8.498.44692350645658128938667800084058047597,1.2.826.0.1.3680043.8.498.72321366079978803871627473831816683412,1,2691,1781
181,lumos_x_181/lumos_x_181_1.Dcm,AP,AP,1.2.826.0.1.3680043.8.498.54545201251632529518324232217836454327,1.2.826.0.1.3680043.8.498.42845697718794331603429651049583070638,1,2872,1462
181,lumos_x_181/lumos_x_181_2.Dcm,Lateral,Lateral,1.2.826.0.1.3680043.8.498.77846116493376587130896102356989612823,1.2.826.0.1.3680043.8.498.26432167003327846435721216356652810385,1,3001,1620
182,lumos_x_182/lumos_x_182_1.Dcm,AP,AP,1.2.826.0.1.3680043.8.498.59857848859402589363538403153989332762,1.2.826.0.1.3680043.8.498.39135322085965885210129345973577603471,1,3001,1778
182,lumos_x_182/lumos_x_182_2.Dcm,Lateral,Lateral,1.2.826.0.1.3680043.8.498.29246606455702018220608129777900359409,1.2.826.0.1.3680043.8.498.90345267373232887782433235556197592529,1,3001,1577
183,lumos_x_183/lumos_x_183_1.Dcm,AP,AP,1.2.826.0.1.3680043.8.498.11705235715559290607203959780105802892,1.2.826.0.1.3680043.8.498.47882769375439986158359014308223836802,1,2982,1731
183,lumos_x_183/lumos_x_183_2.Dcm,Lateral,Lateral,1.2.826.0.1.3680043.8.498.79270371976394732110356827598105710425,1.2.826.0.1.3680043.8.498.10386258486272438876265348944010681352,1,2508,1608
184,lumos_x_184/lumos_x_184_1.Dcm,AP,AP,1.2.826.0.1.3680043.8.498.21941082488210959393028678780962733584,1.2.826.0.1.3680043.8.498.92835336184446104837516476373176760238,1,2977,1831
184,lumos_x_184/lumos_x_184_2.Dcm,Lateral,Lateral,1.2.826.0.1.3680043.8.498.12338972404374557079167690048066407845,1.2.826.0.1.3680043.8.498.90797995946499558839373149601130941894,1,2985,2384
185,lumos_x_185/lumos_x_185_1.Dcm,AP,AP,1.2.826.0.1.3680043.8.498.89554499804329102825131571302290624510,1.2.826.0.1.3680043.8.498.25837183059680192225256185801808327538,1,2851,1717
185,lumos_x_185/lumos_x_185_2.Dcm,Lateral,Lateral,1.2.826.0.1.3680043.8.498.45845436152877238046836318230984253951,1.2.826.0.1.3680043.8.498.12753545017008671580737542806847280372,1,2875,2046
186,lumos_x_186/lumos_x_186_1.Dcm,AP,AP,1.2.826.0.1.3680043.8.498.12454253247489599940192140088769427374,1.2.826.0.1.3680043.8.498.12242832926952703284959906715971899967,1,2979,1594
186,lumos_x_186/lumos_x_186_2.Dcm,Lateral,Lateral,1.2.826.0.1.3680043.8.498.66512222660911810042776219328856615527,1.2.826.0.1.3680043.8.498.39578962739042954392774276992421313590,1,2421,1825
187,lumos_x_187/lumos_x_187_1.Dcm,AP,AP,1.2.826.0.1.3680043.8.498.11825750695946880012826850616010743185,1.2.826.0.1.3680043.8.498.76762540413289856433998236024621571024,1,3001,1964
187,lumos_x_187/lumos_x_187_2.Dcm,Lateral,Lateral,1.2.826.0.1.3680043.8.498.13218892183862677483075696652295919719,1.2.826.0.1.3680043.8.498.12241632973110713231435723072487144182,1,3001,1998
188,lumos_x_188/lumos_x_188_1.Dcm,AP,Lumbar spine ap,1.2.826.0.1.3680043.8.498.44469801514014932550419340947467113914,1.2.826.0.1.3680043.8.498.35476595699562593661837242678643728698,1,2998,1548
188,lumos_x_188/lumos_x_188_2.Dcm,Lateral,Lumbar spine lat,1.2.826.0.1.3680043.8.498.46901169233412143451706306341559008746,1.2.826.0.1.3680043.8.498.11817286121992480385273415377593568205,1,2995,1681
189,lumos_x_189/lumos_x_189_1.Dcm,AP,Lumbar spine ap,1.2.826.0.1.3680043.8.498.12445689159478230892810028437743835383,1.2.826.0.1.3680043.8.498.85773548643517000230875671562790385521,1,3001,1504
189,lumos_x_189/lumos_x_189_2.Dcm,Lateral,Lumbar spine lat,1.2.826.0.1.3680043.8.498.49335035803970468600590916085782463590,1.2.826.0.1.3680043.8.498.33263307110159231360653793385273951249,1,2998,1746
190,lumos_x_190/lumos_x_190_1.Dcm,AP,AP,1.2.826.0.1.3680043.8.498.11900222378199983486719151978054480841,1.2.826.0.1.3680043.8.498.10650863982541452460485669304304170745,1,2707,1491
190,lumos_x_190/lumos_x_190_2.Dcm,Lateral,Lateral,1.2.826.0.1.3680043.8.498.41738074085352507050167850545087954991,1.2.826.0.1.3680043.8.498.85680992367653793185057906951899689253,1,2972,1771
191,lumos_x_191/lumos_x_191_1.Dcm,AP,腰椎前后位,1.2.826.0.1.3680043.8.498.57057565033193082431440425554011680285,1.2.826.0.1.3680043.8.498.65246295989925171495696283503346458093,1,2530,1528
191,lumos_x_191/lumos_x_191_2.Dcm,Lateral,腰椎侧位,1.2.826.0.1.3680043.8.498.41775166712537092530846614830523346732,1.2.826.0.1.3680043.8.498.12339476495826943237652299699013155262,1,2560,1934
192,lumos_x_192/lumos_x_192_1.Dcm,AP,AP,1.2.826.0.1.3680043.8.498.11930262684469440935820416239322524824,1.2.826.0.1.3680043.8.498.12366658598918587918069634428326066074,1,2950,2697
192,lumos_x_192/lumos_x_192_2.Dcm,AP,AP,1.2.826.0.1.3680043.8.498.11263250852132360308016963897272925598,1.2.826.0.1.3680043.8.498.12677181714209037282596481605295428933,1,2950,2684
193,lumos_x_193/lumos_x_193_1.Dcm,AP,AP,1.2.826.0.1.3680043.8.498.11518264203154114765834662958925994044,1.2.826.0.1.3680043.8.498.13013307271562765484327329935121657978,1,2980,1768
193,lumos_x_193/lumos_x_193_2.Dcm,Lateral,Lateral,1.2.826.0.1.3680043.8.498.69827722198388118367168751882617907164,1.2.826.0.1.3680043.8.498.88448723501268906974207662682330775972,1,3001,1469
194,lumos_x_194/lumos_x_194_1.Dcm,AP,腰椎前后位,1.2.826.0.1.3680043.8.498.94632783540884837683986006638005766515,1.2.826.0.1.3680043.8.498.21664740266956970785798125210865926962,1,3320,2251
194,lumos_x_194/lumos_x_194_2.Dcm,Lateral,腰椎侧位,1.2.826.0.1.3680043.8.498.94650134515723705911691213008071531595,1.2.826.0.1.3680043.8.498.38187322575796790235127254767870622701,1,3320,2190
195,lumos_x_195/lumos_x_195_1.Dcm,AP,腰椎前后位,1.2.826.0.1.3680043.8.498.10576690512908519009077942192739210491,1.2.826.0.1.3680043.8.498.89571445164911723075948088007671249243,1,3320,1932
195,lumos_x_195/lumos_x_195_2.Dcm,Lateral,腰椎侧位,1.2.826.0.1.3680043.8.498.40970267534613041393697812924339066937,1.2.826.0.1.3680043.8.498.60907810958041536967596746877464576891,1,3320,2162
196,lumos_x_196/lumos_x_196_1.Dcm,AP,AP,1.2.826.0.1.3680043.8.498.18957784344912246009143766591731909062,1.2.826.0.1.3680043.8.498.10010782654235519916156535478484282612,1,2949,1716
196,lumos_x_196/lumos_x_196_2.Dcm,Lateral,Lateral,1.2.826.0.1.3680043.8.498.82055403678771405697576946346473304384,1.2.826.0.1.3680043.8.498.11083870207534294351917626476623345480,1,2966,1786
197,lumos_x_197/lumos_x_197_1.Dcm,AP,AP,1.2.826.0.1.3680043.8.498.45339672570069121131424202633505433758,1.2.826.0.1.3680043.8.498.58847507097106653688804941748188804955,1,2989,1745
197,lumos_x_197/lumos_x_197_2.Dcm,Lateral,Lateral,1.2.826.0.1.3680043.8.498.21107537336099257161122978423085666129,1.2.826.0.1.3680043.8.498.89732712763674435948511524354164560435,1,2990,1742
198,lumos_x_198/lumos_x_198_1.Dcm,AP,AP,1.2.826.0.1.3680043.8.498.76644901630435846989321048169931277429,1.2.826.0.1.3680043.8.498.90424019144663503648012864508881613536,1,2788,1638
198,lumos_x_198/lumos_x_198_2.Dcm,Lateral,Lateral,1.2.826.0.1.3680043.8.498.11047449764916919705247699505041511647,1.2.826.0.1.3680043.8.498.29187158948862160106624165084330777951,1,2707,1803
199,lumos_x_199/lumos_x_199_1.Dcm,AP,AP,1.2.826.0.1.3680043.8.498.99066723248666958449937849932692061740,1.2.826.0.1.3680043.8.498.38009316875919674653978920992646185074,1,2994,1729
199,lumos_x_199/lumos_x_199_2.Dcm,Lateral,Lateral,1.2.826.0.1.3680043.8.498.11068755441605284251493557045224383612,1.2.826.0.1.3680043.8.498.12137702142957285316000169857418548600,1,2978,1729
200,lumos_x_200/lumos_x_200_1.Dcm,AP,AP,1.2.826.0.1.3680043.8.498.13102649554590070176891614536514222254,1.2.826.0.1.3680043.8.498.25030737940700432840228656395608435927,1,2995,2032
200,lumos_x_200/lumos_x_200_2.Dcm,Lateral,Lateral,1.2.826.0.1.3680043.8.498.80110869354521377496814956949906018454,1.2.826.0.1.3680043.8.498.52859588531779171356460652098815313862,1,2991,2357
201,lumos_x_201/lumos_x_201_1.Dcm,AP,AP,1.2.826.0.1.3680043.8.498.64913575014673460952374034767731995478,1.2.826.0.1.3680043.8.498.37407259815908221948619371809800456907,1,2699,1366
201,lumos_x_201/lumos_x_201_2.Dcm,Lateral,Lateral,1.2.826.0.1.3680043.8.498.90253608414026680063784863388838359577,1.2.826.0.1.3680043.8.498.61133098714856799531662134135493711657,1,2643,1608
202,lumos_x_202/lumos_x_202_1.Dcm,AP,腰椎前后位,1.2.826.0.1.3680043.8.498.13198001990403000265441979487804120652,1.2.826.0.1.3680043.8.498.63919071112901790800264072060525536579,1,3320,1942
202,lumos_x_202/lumos_x_202_2.Dcm,Lateral,腰椎侧位,1.2.826.0.1.3680043.8.498.68745503945172730557312176432925181009,1.2.826.0.1.3680043.8.498.11175946967937045220689650312021432237,1,3249,1932
203,lumos_x_203/lumos_x_203_1.Dcm,AP,Lumbar spine ap,1.2.826.0.1.3680043.8.498.10191361351531676558543844720846415772,1.2.826.0.1.3680043.8.498.26448505378206826137991930255383710741,1,2790,1536
203,lumos_x_203/lumos_x_203_2.Dcm,Lateral,Lumbar spine lat,1.2.826.0.1.3680043.8.498.38961816281337426308408155111477412835,1.2.826.0.1.3680043.8.498.37222857816128789323710102339937867991,1,2997,1628
204,lumos_x_204/lumos_x_204_1.Dcm,AP,AP,1.2.826.0.1.3680043.8.498.10913305900856428692860623801545567568,1.2.826.0.1.3680043.8.498.50379213010014450274928097826917979068,1,3001,1702
204,lumos_x_204/lumos_x_204_2.Dcm,AP,AP,1.2.826.0.1.3680043.8.498.16410949129912427759014126572017636872,1.2.826.0.1.3680043.8.498.79524339817315860240915744659848982048,1,3001,1793
205,lumos_x_205/lumos_x_205_1.Dcm,AP,AP,1.2.826.0.1.3680043.8.498.50256848176694904003809918948596457475,1.2.826.0.1.3680043.8.498.77529361445930894666846064049851087693,1,2962,1972
205,lumos_x_205/lumos_x_205_2.Dcm,Lateral,Lateral,1.2.826.0.1.3680043.8.498.87824417753746818295429941349817331978,1.2.826.0.1.3680043.8.498.52424757779486034866518438312702732919,1,2769,2000
206,lumos_x_206/lumos_x_206_1.Dcm,AP,AP,1.2.826.0.1.3680043.8.498.67375186750614450980177959786667338687,1.2.826.0.1.3680043.8.498.91388838493555803264414702362660208954,1,2991,1723
206,lumos_x_206/lumos_x_206_2.Dcm,Lateral,Lateral,1.2.826.0.1.3680043.8.498.26105665734002505359960478120737952379,1.2.826.0.1.3680043.8.498.20545005848970222055895255948292778207,1,2576,1853
207,lumos_x_207/lumos_x_207_1.Dcm,AP,AP,1.2.826.0.1.3680043.8.498.43567712859804729904487384281161417617,1.2.826.0.1.3680043.8.498.12132892749088966090092075599387542486,1,2852,1702
207,lumos_x_207/lumos_x_207_2.Dcm,Lateral,Lateral,1.2.826.0.1.3680043.8.498.10452039086522927457289628857006171022,1.2.826.0.1.3680043.8.498.42794738854559748594222019710191455655,1,2868,1718
208,lumos_x_208/lumos_x_208_1.Dcm,AP,AP,1.2.826.0.1.3680043.8.498.11806093836759672657682046949005865213,1.2.826.0.1.3680043.8.498.75395726779152696627747817066669102227,1,2977,1712
208,lumos_x_208/lumos_x_208_2.Dcm,Lateral,Lateral,1.2.826.0.1.3680043.8.498.48025971031261576251595716641938545616,1.2.826.0.1.3680043.8.498.99878275449826676414120046521202848889,1,2970,1609
209,lumos_x_209/lumos_x_209_1.Dcm,AP,AP,1.2.826.0.1.3680043.8.498.44726320410679542817028741588478707468,1.2.826.0.1.3680043.8.498.93635015661756634026801113438345577105,1,2626,1608
209,lumos_x_209/lumos_x_209_2.Dcm,Lateral,Lateral,1.2.826.0.1.3680043.8.498.17409965436922953254679755377249075663,1.2.826.0.1.3680043.8.498.12662995517809069626015351801159327066,1,2848,1667
210,lumos_x_210/lumos_x_210_1.Dcm,AP,AP,1.2.826.0.1.3680043.8.498.88879290552771361171790585940478246545,1.2.826.0.1.3680043.8.498.10742371341384258181896812037880524862,1,2929,1750
210,lumos_x_210/lumos_x_210_2.Dcm,Lateral,Lateral,1.2.826.0.1.3680043.8.498.11467868537263556109092301083282333147,1.2.826.0.1.3680043.8.498.50970133254055233662106125301199665017,1,2934,1748
211,lumos_x_211/lumos_x_211_1.Dcm,AP,AP,1.2.826.0.1.3680043.8.498.60235341283870039985512277949504211917,1.2.826.0.1.3680043.8.498.54296843154063983478122578894279581651,1,2479,1686
211,lumos_x_211/lumos_x_211_2.Dcm,Lateral,Lateral,1.2.826.0.1.3680043.8.498.11466315192097215537294062918307432809,1.2.826.0.1.3680043.8.498.50968387806028932497431844097531386385,1,2473,2282
212,lumos_x_212/lumos_x_212_1.Dcm,AP,AP,1.2.826.0.1.3680043.8.498.99343295510747169992569432254093819421,1.2.826.0.1.3680043.8.498.11027506004486566798937331593033957315,1,2766,1782
212,lumos_x_212/lumos_x_212_2.Dcm,Lateral,Lateral,1.2.826.0.1.3680043.8.498.94502287339969675346662934115215552679,1.2.826.0.1.3680043.8.498.37116578874721028469267515048773093449,1,2777,1867
213,lumos_x_213/lumos_x_213_1.Dcm,AP,AP,1.2.826.0.1.3680043.8.498.57443968527310024906710655265909611983,1.2.826.0.1.3680043.8.498.30477114756799751879353960290153625389,1,2977,1717
213,lumos_x_213/lumos_x_213_2.Dcm,Lateral,Lateral,1.2.826.0.1.3680043.8.498.19968084389597764898283571922760812725,1.2.826.0.1.3680043.8.498.11550567490734996597540784898995719775,1,2981,1699
214,lumos_x_214/lumos_x_214_1.Dcm,AP,AP,1.2.826.0.1.3680043.8.498.10034431288678645522710805428468347447,1.2.826.0.1.3680043.8.498.69655506345953659814178605329517995631,1,2977,1781
214,lumos_x_214/lumos_x_214_2.Dcm,Lateral,Lateral,1.2.826.0.1.3680043.8.498.20935292048361223275884100375439371862,1.2.826.0.1.3680043.8.498.15598167974599995854476851476852198794,1,3001,1849
215,lumos_x_215/lumos_x_215_1.Dcm,AP,AP,1.2.826.0.1.3680043.8.498.33349501335364685730053868520560561466,1.2.826.0.1.3680043.8.498.20188365033866818903896634323557781735,1,3001,1747
215,lumos_x_215/lumos_x_215_2.Dcm,Lateral,Lateral,1.2.826.0.1.3680043.8.498.60434133639761933819596186591598096782,1.2.826.0.1.3680043.8.498.74712693427497161593627388933012677525,1,3001,1745
216,lumos_x_216/lumos_x_216_1.Dcm,AP,AP,1.2.826.0.1.3680043.8.498.12777048496679476680669154706508056274,1.2.826.0.1.3680043.8.498.97958155257309556448440580135984561813,1,2971,1690
216,lumos_x_216/lumos_x_216_2.Dcm,Lateral,Lateral,1.2.826.0.1.3680043.8.498.10050272813488778633532739684826091192,1.2.826.0.1.3680043.8.498.35422535194283234718909689954252129589,1,2971,1706
217,lumos_x_217/lumos_x_217_1.Dcm,AP,AP,1.2.826.0.1.3680043.8.498.83393210887905425107236735787408045678,1.2.826.0.1.3680043.8.498.23630937158665097967264479155566188883,1,2985,1691
217,lumos_x_217/lumos_x_217_2.Dcm,Lateral,Lateral,1.2.826.0.1.3680043.8.498.72735463499339790294330237847540408225,1.2.826.0.1.3680043.8.498.10839262093027148916258357659362780514,1,2994,2155
218,lumos_x_218/lumos_x_218_1.Dcm,AP,AP,1.2.826.0.1.3680043.8.498.10368684496653015476970735643726765626,1.2.826.0.1.3680043.8.498.11856553255968817871323124033573819045,1,2986,1751
218,lumos_x_218/lumos_x_218_2.Dcm,Lateral,Lateral,1.2.826.0.1.3680043.8.498.11603465125363860468669295537709294672,1.2.826.0.1.3680043.8.498.88001322363570576063801745525687965001,1,3001,2087
219,lumos_x_219/lumos_x_219_1.Dcm,AP,AP,1.2.826.0.1.3680043.8.498.59844229958388295364914205689372388930,1.2.826.0.1.3680043.8.498.97481789311430061074558356288279258902,1,2884,1809
219,lumos_x_219/lumos_x_219_2.Dcm,Lateral,Lateral,1.2.826.0.1.3680043.8.498.26553386734837796500471409928025790920,1.2.826.0.1.3680043.8.498.34043616824390330981537144089927102227,1,2308,1697
220,lumos_x_220/lumos_x_220_1.Dcm,AP,AP,1.2.826.0.1.3680043.8.498.94852620088815049980312983545138202988,1.2.826.0.1.3680043.8.498.51799585515040082826776191710907770912,1,2616,1637
220,lumos_x_220/lumos_x_220_2.Dcm,Lateral,Lateral,1.2.826.0.1.3680043.8.498.11709798814328212348966462465177157407,1.2.826.0.1.3680043.8.498.98949033590645085661533237304761968287,1,2959,1791
221,lumos_x_221/lumos_x_221_1.Dcm,AP,AP,1.2.826.0.1.3680043.8.498.50167255221434668670726717234475955512,1.2.826.0.1.3680043.8.498.12217684731853069386376819828614436045,1,2995,2120
221,lumos_x_221/lumos_x_221_2.Dcm,Lateral,Lateral,1.2.826.0.1.3680043.8.498.39077876955649465541045074529052410922,1.2.826.0.1.3680043.8.498.74003011736517431345119230640515974484,1,2556,1900
222,lumos_x_222/lumos_x_222_1.Dcm,AP,AP,1.2.826.0.1.3680043.8.498.10903063096125812855120291006361393252,1.2.826.0.1.3680043.8.498.11428860142253787652936207674831979025,1,2855,1726
222,lumos_x_222/lumos_x_222_2.Dcm,Lateral,Lateral,1.2.826.0.1.3680043.8.498.81033745861534582919947220248281729268,1.2.826.0.1.3680043.8.498.83440424667800168728015672866877258492,1,2860,1725
223,lumos_x_223/lumos_x_223_1.Dcm,AP,AP,1.2.826.0.1.3680043.8.498.32744237923254878641119798316213820060,1.2.826.0.1.3680043.8.498.11314031830922509686384862668302531653,1,3001,1772
223,lumos_x_223/lumos_x_223_2.Dcm,Lateral,Lateral,1.2.826.0.1.3680043.8.498.71974011329265463691236323472289390765,1.2.826.0.1.3680043.8.498.15643015155540852815015446652177467621,1,3001,1778
224,lumos_x_224/lumos_x_224_1.Dcm,AP,AP,1.2.826.0.1.3680043.8.498.12083175140400903883248955450689117249,1.2.826.0.1.3680043.8.498.21401985360846528297757740140831644154,1,2705,1732
224,lumos_x_224/lumos_x_224_2.Dcm,Lateral,Lateral,1.2.826.0.1.3680043.8.498.63778919433664146162238357327115560449,1.2.826.0.1.3680043.8.498.51688336538966365107599066004105842430,1,2988,2359
225,lumos_x_225/lumos_x_225_1.Dcm,AP,AP,1.2.826.0.1.3680043.8.498.78604968019964642896450070012064544974,1.2.826.0.1.3680043.8.498.47112227800799490032795928442251617563,1,3001,1783
225,lumos_x_225/lumos_x_225_2.Dcm,Lateral,Lateral,1.2.826.0.1.3680043.8.498.45780701180176113410402843226609282248,1.2.826.0.1.3680043.8.498.41678081827049196129950093455395266580,1,3001,1806
226,lumos_x_226/lumos_x_226_1.Dcm,AP,AP,1.2.826.0.1.3680043.8.498.11419843156242345269206106397100442599,1.2.826.0.1.3680043.8.498.52435132053210527829240270909218589324,1,2989,1692
226,lumos_x_226/lumos_x_226_2.Dcm,Lateral,Lateral,1.2.826.0.1.3680043.8.498.67541029287211962206300789615485204176,1.2.826.0.1.3680043.8.498.12326876428634897458812724087126024607,1,2977,1691
227,lumos_x_227/lumos_x_227_1.Dcm,AP,AP,1.2.826.0.1.3680043.8.498.13081735485118975289331418403139723644,1.2.826.0.1.3680043.8.498.13319220046984489184716236383291456289,1,3001,1788
227,lumos_x_227/lumos_x_227_2.Dcm,Lateral,Lateral,1.2.826.0.1.3680043.8.498.96517997751316150398445822572299354425,1.2.826.0.1.3680043.8.498.87229936124099238052476674028320120669,1,3001,1817
228,lumos_x_228/lumos_x_228_1.Dcm,AP,AP,1.2.826.0.1.3680043.8.498.97062525017522797971612591000505561450,1.2.826.0.1.3680043.8.498.11320088824753788954377058342413999420,1,2996,1746
228,lumos_x_228/lumos_x_228_2.Dcm,Lateral,Lateral,1.2.826.0.1.3680043.8.498.57247334955836439088000514704451418511,1.2.826.0.1.3680043.8.498.11939753695323203404176270802960762572,1,3001,1752
229,lumos_x_229/lumos_x_229_1.Dcm,AP,AP,1.2.826.0.1.3680043.8.498.53652565944202503435765270919671665498,1.2.826.0.1.3680043.8.498.12746557147555808184116195929502237350,1,3001,1506
229,lumos_x_229/lumos_x_229_3.Dcm,AP,AP,1.2.826.0.1.3680043.8.498.52114236790270587212730274581563969678,1.2.826.0.1.3680043.8.498.95020265625000511443037490425294894811,1,2963,1729
229,lumos_x_229/lumos_x_229_2.Dcm,Lateral,Lateral,1.2.826.0.1.3680043.8.498.12041302900086450440638403549749187950,1.2.826.0.1.3680043.8.498.21057318278787416156387303649980388706,1,2961,2330
229,lumos_x_229/lumos_x_229_4.Dcm,Lateral,Lateral,1.2.826.0.1.3680043.8.498.11532448560565440833506512367654625441,1.2.826.0.1.3680043.8.498.53443473172890072077925927699677743747,1,2860,1634
230,lumos_x_230/lumos_x_230_1.Dcm,AP,腰椎前后位,1.2.826.0.1.3680043.8.498.13172489487984284550640710043506979416,1.2.826.0.1.3680043.8.498.11518797104279474584313101263859701784,1,3320,1952
230,lumos_x_230/lumos_x_230_2.Dcm,Lateral,腰椎侧位,1.2.826.0.1.3680043.8.498.10574370327266010092882193430522158652,1.2.826.0.1.3680043.8.498.11962135921111731903390646794131823186,1,3170,2071
231,lumos_x_231/lumos_x_231_1.Dcm,AP,AP,1.2.826.0.1.3680043.8.498.52667852318386031802920529069731991881,1.2.826.0.1.3680043.8.498.37163164070721500303607906449189007529,1,3001,1806
231,lumos_x_231/lumos_x_231_2.Dcm,Lateral,Lateral,1.2.826.0.1.3680043.8.498.95034199887448043683096303631214766741,1.2.826.0.1.3680043.8.498.89979574532646648304673778442954674274,1,3001,1936
232,lumos_x_232/lumos_x_232_1.Dcm,AP,AP,1.2.826.0.1.3680043.8.498.54928677063684464300014686070737544897,1.2.826.0.1.3680043.8.498.97783896649978611724794022640914383302,1,2979,2100
232,lumos_x_232/lumos_x_232_2.Dcm,Lateral,Lateral,1.2.826.0.1.3680043.8.498.93315788700197592945928903733530391327,1.2.826.0.1.3680043.8.498.11651767661993964071344991863179918345,1,3001,2148
233,lumos_x_233/lumos_x_233_1.Dcm,AP,AP,1.2.826.0.1.3680043.8.498.10578600395213404728829673702475844465,1.2.826.0.1.3680043.8.498.14360317338112306399967941573433182769,1,2693,1666
233,lumos_x_233/lumos_x_233_2.Dcm,Lateral,Lateral,1.2.826.0.1.3680043.8.498.11815830793305057497991956779323633008,1.2.826.0.1.3680043.8.498.46098364892973516118745539804433844487,1,2864,2004
234,lumos_x_234/lumos_x_234_1.Dcm,AP,AP,1.2.826.0.1.3680043.8.498.89807760342523688762767908803684215615,1.2.826.0.1.3680043.8.498.12371118506277527818005197865773062465,1,3001,1794
234,lumos_x_234/lumos_x_234_2.Dcm,Lateral,Lateral,1.2.826.0.1.3680043.8.498.87729551536301088100041914605985874907,1.2.826.0.1.3680043.8.498.95632199181333805387470948738883370110,1,3001,1839
235,lumos_x_235/lumos_x_235_1.Dcm,AP,AP,1.2.826.0.1.3680043.8.498.76872110222265956790660030228509618533,1.2.826.0.1.3680043.8.498.13540650160050708578026671472597655687,1,3001,1712
235,lumos_x_235/lumos_x_235_2.Dcm,Lateral,Lateral,1.2.826.0.1.3680043.8.498.12319625321009253028434988984182787527,1.2.826.0.1.3680043.8.498.83543338448357504742136025341611875483,1,3001,1662
236,lumos_x_236/lumos_x_236_1.Dcm,AP,AP,1.2.826.0.1.3680043.8.498.37529139102564592408151973785400413588,1.2.826.0.1.3680043.8.498.10766643130886803903583739824814724234,1,2972,1419
236,lumos_x_236/lumos_x_236_2.Dcm,Lateral,Lateral,1.2.826.0.1.3680043.8.498.12550040696850159576051058801104288296,1.2.826.0.1.3680043.8.498.64410736639403119542769070691829174941,1,2962,1856
237,lumos_x_237/lumos_x_237_1.Dcm,AP,AP,1.2.826.0.1.3680043.8.498.76398872477002540264849782159631567697,1.2.826.0.1.3680043.8.498.13834354914633750888489231988321953284,1,2659,1786
237,lumos_x_237/lumos_x_237_2.Dcm,Lateral,Lateral,1.2.826.0.1.3680043.8.498.80804461125697767829547646204488855079,1.2.826.0.1.3680043.8.498.12379119484568569661384752402767758122,1,3001,1621
238,lumos_x_238/lumos_x_238_1.Dcm,AP,AP,1.2.826.0.1.3680043.8.498.11033714170843934842225426215467277126,1.2.826.0.1.3680043.8.498.63470879250551121557221995410060859589,1,2995,1613
238,lumos_x_238/lumos_x_238_2.Dcm,Lateral,Lateral,1.2.826.0.1.3680043.8.498.19274072582594565818056387520658410795,1.2.826.0.1.3680043.8.498.12504535646495708922289906172003930864,1,3001,2144
239,lumos_x_239/lumos_x_239_1.Dcm,AP,AP,1.2.826.0.1.3680043.8.498.71191892853119606422261169060873078473,1.2.826.0.1.3680043.8.498.46191383677680013036254672435181366661,1,2534,1535
239,lumos_x_239/lumos_x_239_2.Dcm,Lateral,Lateral,1.2.826.0.1.3680043.8.498.11020217937869334609657628246347628708,1.2.826.0.1.3680043.8.498.80457419462343506630036371014518787710,1,2542,1906
240,lumos_x_240/lumos_x_240_1.Dcm,AP,AP,1.2.826.0.1.3680043.8.498.11507778172422767122393400174967833300,1.2.826.0.1.3680043.8.498.75206163046916618201370337458205113593,1,2904,2502
240,lumos_x_240/lumos_x_240_2.Dcm,Lateral,Lateral,1.2.826.0.1.3680043.8.498.68918387629848237252634917576610646145,1.2.826.0.1.3680043.8.498.13006274434206759479042584607043052590,1,2910,2433
241,lumos_x_241/lumos_x_241_1.Dcm,AP,AP,1.2.826.0.1.3680043.8.498.10259638700919580618143703421584357057,1.2.826.0.1.3680043.8.498.24422778806045588440374770481403757560,1,2638,1532
241,lumos_x_241/lumos_x_241_2.Dcm,Lateral,Lateral,1.2.826.0.1.3680043.8.498.67011869612235626516786134266254712376,1.2.826.0.1.3680043.8.498.28951956528441226987181943502004025020,1,2977,1984
242,lumos_x_242/lumos_x_242_1.Dcm,AP,Lumbar spine ap,1.2.826.0.1.3680043.8.498.16034010462878908517282285252543708087,1.2.826.0.1.3680043.8.498.32738915374049059224011179146412919921,1,2799,2001
242,lumos_x_242/lumos_x_242_2.Dcm,Extension,Lumbar spine extension,1.2.826.0.1.3680043.8.498.11958978541949363931859746419610648530,1.2.826.0.1.3680043.8.498.94044020276503242203474982819189423708,1,2969,2004
243,lumos_x_243/lumos_x_243_1.Dcm,AP,AP,1.2.826.0.1.3680043.8.498.12901771219585608798771329616619446632,1.2.826.0.1.3680043.8.498.27483956428061274403148004835006241329,1,2596,1465
243,lumos_x_243/lumos_x_243_2.Dcm,Lateral,Lateral,1.2.826.0.1.3680043.8.498.11658485170066056863870408076955940945,1.2.826.0.1.3680043.8.498.10693681139174308612972027102409473421,1,2692,1602
244,lumos_x_244/lumos_x_244_1.Dcm,AP,AP,1.2.826.0.1.3680043.8.498.72498831629022822088040059186549142683,1.2.826.0.1.3680043.8.498.59772568416474591442564877258111195917,1,2383,1254
244,lumos_x_244/lumos_x_244_2.Dcm,Lateral,Lateral,1.2.826.0.1.3680043.8.498.11737303784420933809000313096786426408,1.2.826.0.1.3680043.8.498.52633876841646036120669681091898091273,1,2988,2536
245,lumos_x_245/lumos_x_245_1.Dcm,AP,AP,1.2.826.0.1.3680043.8.498.59741357159284044158040658836275630814,1.2.826.0.1.3680043.8.498.31003333364608766099853280425205682637,1,2597,1644
245,lumos_x_245/lumos_x_245_2.Dcm,Lateral,Lateral,1.2.826.0.1.3680043.8.498.13230999764347098859935371163704701046,1.2.826.0.1.3680043.8.498.55928296958350055799949909633841897476,1,2491,2095
246,lumos_x_246/lumos_x_246_1.Dcm,AP,AP,1.2.826.0.1.3680043.8.498.91339746700669213008254119030721070527,1.2.826.0.1.3680043.8.498.12181510030959631218731528790632260397,1,3001,1790
246,lumos_x_246/lumos_x_246_2.Dcm,Lateral,Lateral,1.2.826.0.1.3680043.8.498.66364532568780575007302069507778127884,1.2.826.0.1.3680043.8.498.80022885779474600354449093880773288089,1,3001,1813
247,lumos_x_247/lumos_x_247_1.Dcm,AP,AP,1.2.826.0.1.3680043.8.498.60930544110364963395086720024687476755,1.2.826.0.1.3680043.8.498.65893969652089892559333468424269658816,1,3001,1795
247,lumos_x_247/lumos_x_247_2.Dcm,Lateral,Lateral,1.2.826.0.1.3680043.8.498.63092509452139770137470123566751568413,1.2.826.0.1.3680043.8.498.41525739613933019152582164022499811220,1,3001,1796
248,lumos_x_248/lumos_x_248_1.Dcm,AP,AP,1.2.826.0.1.3680043.8.498.10628131075674243115501282860116048697,1.2.826.0.1.3680043.8.498.43083995470206154518332829735095157636,1,2979,1785
248,lumos_x_248/lumos_x_248_2.Dcm,Lateral,Lateral,1.2.826.0.1.3680043.8.498.87322142993954801341321067717025636930,1.2.826.0.1.3680043.8.498.30763018641444823935981246525091221647,1,2755,2325
249,lumos_x_249/lumos_x_249_1.Dcm,AP,AP,1.2.826.0.1.3680043.8.498.79193348249945122252539945543743862599,1.2.826.0.1.3680043.8.498.11795219107065473879152653625956559339,1,2918,1712
249,lumos_x_249/lumos_x_249_2.Dcm,Lateral,Lateral,1.2.826.0.1.3680043.8.498.56286956942730180888624604331777571144,1.2.826.0.1.3680043.8.498.60503731884856363042038994184247898059,1,2926,2004
250,lumos_x_250/lumos_x_250_1.Dcm,AP,AP,1.2.826.0.1.3680043.8.498.11672050949575685543593507812244889992,1.2.826.0.1.3680043.8.498.76862009546970497224941092504257964128,1,2979,1716
250,lumos_x_250/lumos_x_250_2.Dcm,Lateral,Lateral,1.2.826.0.1.3680043.8.498.10961834185222184937557703742165648608,1.2.826.0.1.3680043.8.498.11222785100078235544938849302986823582,1,2979,1714
251,lumos_x_251/lumos_x_251_1.Dcm,AP,AP,1.2.826.0.1.3680043.8.498.55048537844853062885970384408804733767,1.2.826.0.1.3680043.8.498.12550090456583986847180160986633800356,1,2979,1724
251,lumos_x_251/lumos_x_251_2.Dcm,Lateral,Lateral,1.2.826.0.1.3680043.8.498.34188765589308271715741122754011077200,1.2.826.0.1.3680043.8.498.59380399452417789633712709422808396559,1,2975,1720
252,lumos_x_252/lumos_x_252_1.Dcm,AP,AP,1.2.826.0.1.3680043.8.498.36348073217597339189303917878841410396,1.2.826.0.1.3680043.8.498.11217768351617423656231530633086996606,1,2989,1740
252,lumos_x_252/lumos_x_252_2.Dcm,Lateral,Lateral,1.2.826.0.1.3680043.8.498.11702060765289390664505467442974045957,1.2.826.0.1.3680043.8.498.49982565381131615693429416654388170210,1,2990,1747
253,lumos_x_253/lumos_x_253_1.Dcm,AP,AP,1.2.826.0.1.3680043.8.498.96391759673574797312311618318643880858,1.2.826.0.1.3680043.8.498.13277310810225472257178130623782419482,1,2989,1595
253,lumos_x_253/lumos_x_253_2.Dcm,Lateral,Lateral,1.2.826.0.1.3680043.8.498.43459029872065608845440757024621789045,1.2.826.0.1.3680043.8.498.12505151046304451294472762514786928877,1,2979,1728
254,lumos_x_254/lumos_x_254_1.Dcm,AP,AP,1.2.826.0.1.3680043.8.498.45151105616241713828293382843820857731,1.2.826.0.1.3680043.8.498.12959183351449263811430039800092285774,1,3000,1725
254,lumos_x_254/lumos_x_254_2.Dcm,Lateral,Lateral,1.2.826.0.1.3680043.8.498.40663627542546344730517257363379060884,1.2.826.0.1.3680043.8.498.64364769274346118913813357242640397793,1,2990,1731
255,lumos_x_255/lumos_x_255_1.Dcm,AP,AP,1.2.826.0.1.3680043.8.498.16631397596908063606596322860231294777,1.2.826.0.1.3680043.8.498.61635908510299249640526295178812690080,1,3001,2197
255,lumos_x_255/lumos_x_255_2.Dcm,Lateral,Lateral,1.2.826.0.1.3680043.8.498.52428757787756156091176738965955761048,1.2.826.0.1.3680043.8.498.10497891592210469705639756818426278146,1,3001,1771
256,lumos_x_256/lumos_x_256_1.Dcm,AP,AP,1.2.826.0.1.3680043.8.498.84219922989645524985218113809061406581,1.2.826.0.1.3680043.8.498.11412754860588687749289546219500627159,1,2930,1708
256,lumos_x_256/lumos_x_256_2.Dcm,Lateral,Lateral,1.2.826.0.1.3680043.8.498.41382329045704109122577964299617649811,1.2.826.0.1.3680043.8.498.11838751828142418989061238313591894428,1,2948,1711
257,lumos_x_257/lumos_x_257_1.Dcm,AP,AP,1.2.826.0.1.3680043.8.498.52951125441566000728091570828344704936,1.2.826.0.1.3680043.8.498.25334765854734984413645175497005012912,1,3001,1795
257,lumos_x_257/lumos_x_257_2.Dcm,Lateral,Lateral,1.2.826.0.1.3680043.8.498.11092775461983922823308875347290157556,1.2.826.0.1.3680043.8.498.46198870760890606507076702370943523682,1,3001,2142
258,lumos_x_258/lumos_x_258_1.Dcm,AP,AP,1.2.826.0.1.3680043.8.498.70469440688373068364053479124763472230,1.2.826.0.1.3680043.8.498.57826080869916591997324182856821247951,1,3001,1778
258,lumos_x_258/lumos_x_258_2.Dcm,Lateral,Lateral,1.2.826.0.1.3680043.8.498.65682099897591592813090012493295441222,1.2.826.0.1.3680043.8.498.81804181793994278902777955014663399634,1,2655,1940
259,lumos_x_259/lumos_x_259_1.Dcm,AP,AP,1.2.826.0.1.3680043.8.498.80653728110304869462370059009802899528,1.2.826.0.1.3680043.8.498.75411433386596896362486227061444241109,1,2976,1752
259,lumos_x_259/lumos_x_259_2.Dcm,Lateral,Lateral,1.2.826.0.1.3680043.8.498.71648344883636116343318064714389851787,1.2.826.0.1.3680043.8.498.14578816449984754123813105485556643713,1,2981,2131
260,lumos_x_260/lumos_x_260_1.Dcm,AP,AP,1.2.826.0.1.3680043.8.498.34760297782281437594208424922788471270,1.2.826.0.1.3680043.8.498.13099972033983085018169915740439020672,1,2978,1724
260,lumos_x_260/lumos_x_260_2.Dcm,Lateral,Lateral,1.2.826.0.1.3680043.8.498.57820816215160493053200796839923300666,1.2.826.0.1.3680043.8.498.85563031482149373231996132013432095069,1,2975,1725
261,lumos_x_261/lumos_x_261_1.Dcm,AP,AP,1.2.826.0.1.3680043.8.498.12931057649888124835823667497551502131,1.2.826.0.1.3680043.8.498.43152006885282066122743418358250003045,1,3001,1765
261,lumos_x_261/lumos_x_261_2.Dcm,Lateral,Lateral,1.2.826.0.1.3680043.8.498.12505168855937237509493227560523413753,1.2.826.0.1.3680043.8.498.12421485540181708674540011263847671723,1,3001,2393
262,lumos_x_262/lumos_x_262_1.Dcm,AP,腰椎前后位,1.2.826.0.1.3680043.8.498.18142274697609061262344144412618953438,1.2.826.0.1.3680043.8.498.13295449836762508375522249079826116999,1,3320,1730
262,lumos_x_262/lumos_x_262_2.Dcm,Lateral,腰椎侧位,1.2.826.0.1.3680043.8.498.10258836975353215847604189139174575891,1.2.826.0.1.3680043.8.498.10883367357592451155282006491992429794,1,3320,2031
263,lumos_x_263/lumos_x_263_1.Dcm,AP,腰椎前后位,1.2.826.0.1.3680043.8.498.82453038840841668715715807960708672648,1.2.826.0.1.3680043.8.498.15764398612007359434108142765699059946,1,3320,1921
263,lumos_x_263/lumos_x_263_2.Dcm,Lateral,腰椎侧位,1.2.826.0.1.3680043.8.498.11927760393943419509808050760125555131,1.2.826.0.1.3680043.8.498.33395418842316755197400336167548784054,1,3320,1901
264,lumos_x_264/lumos_x_264_1.Dcm,AP,AP,1.2.826.0.1.3680043.8.498.72189517270828090527521533214045931468,1.2.826.0.1.3680043.8.498.41880046280151630609196308430345061625,1,2589,1372
264,lumos_x_264/lumos_x_264_2.Dcm,Lateral,Lateral,1.2.826.0.1.3680043.8.498.12675654043103833582270520856533810282,1.2.826.0.1.3680043.8.498.39337815797837703323006215100890727839,1,2711,1571
265,lumos_x_265/lumos_x_265_1.Dcm,AP,AP,1.2.826.0.1.3680043.8.498.94351241271044983916149915593925183532,1.2.826.0.1.3680043.8.498.42592305263544557574836322610729524082,1,2989,1436
265,lumos_x_265/lumos_x_265_2.Dcm,Lateral,Lateral,1.2.826.0.1.3680043.8.498.56324546999857208978845407840579808485,1.2.826.0.1.3680043.8.498.92989172301266474644236096730113818096,1,2996,1908
266,lumos_x_266/lumos_x_266_1.Dcm,AP,AP,1.2.826.0.1.3680043.8.498.88169712229753681014629116829970132576,1.2.826.0.1.3680043.8.498.73497440635678752081783781263143035028,1,2583,1735
266,lumos_x_266/lumos_x_266_2.Dcm,Lateral,Lateral,1.2.826.0.1.3680043.8.498.13404007543773925487265040413219268893,1.2.826.0.1.3680043.8.498.57952955529218251996598171690671961877,1,2971,1882
267,lumos_x_267/lumos_x_267_1.Dcm,AP,腰椎前后位,1.2.826.0.1.3680043.8.498.24529099997816839349294499990309655828,1.2.826.0.1.3680043.8.498.73350222334815647666867512661069192805,1,2924,1554
267,lumos_x_267/lumos_x_267_2.Dcm,Lateral,腰椎侧位,1.2.826.0.1.3680043.8.498.91500976704903141571778658890610897216,1.2.826.0.1.3680043.8.498.72136375323038458387215938154006672782,1,2720,1613
268,lumos_x_268/lumos_x_268_1.Dcm,AP,AP,1.2.826.0.1.3680043.8.498.10476849666503709041282514842176973104,1.2.826.0.1.3680043.8.498.11367241147466729566084915219340264992,1,2925,1530
268,lumos_x_268/lumos_x_268_2.Dcm,Lateral,Lateral,1.2.826.0.1.3680043.8.498.12627058463246757123582801235831814433,1.2.826.0.1.3680043.8.498.42274760912325004332130015842807026566,1,2924,1623
269,lumos_x_269/lumos_x_269_1.Dcm,AP,AP,1.2.826.0.1.3680043.8.498.10631595374874172428369625095136229959,1.2.826.0.1.3680043.8.498.47540284683092147968664417830025304741,1,2639,1489
269,lumos_x_269/lumos_x_269_2.Dcm,Lateral,Lateral,1.2.826.0.1.3680043.8.498.66267606051765008478906288107901047001,1.2.826.0.1.3680043.8.498.12514814126886040397640427507133167352,1,2699,1452
270,lumos_x_270/lumos_x_270_1.Dcm,AP,AP,1.2.826.0.1.3680043.8.498.27738457226241069825712339683161275394,1.2.826.0.1.3680043.8.498.91739248149872854429926800028615398197,1,2711,1696
270,lumos_x_270/lumos_x_270_2.Dcm,Lateral,Lateral,1.2.826.0.1.3680043.8.498.11706621823729386893190575555550081621,1.2.826.0.1.3680043.8.498.11367945875208074513160072265603636617,1,2582,1688
271,lumos_x_271/lumos_x_271_1.Dcm,AP,AP,1.2.826.0.1.3680043.8.498.46068764000442684583665049077662801215,1.2.826.0.1.3680043.8.498.87360862784704511104097044825330806273,1,2979,1712
271,lumos_x_271/lumos_x_271_2.Dcm,Lateral,Lateral,1.2.826.0.1.3680043.8.498.66279758294281280869226048786934994594,1.2.826.0.1.3680043.8.498.10152189207538139093966538436392820483,1,2583,1653
272,lumos_x_272/lumos_x_272_1.Dcm,AP,AP,1.2.826.0.1.3680043.8.498.37154282710471360456165494978883946431,1.2.826.0.1.3680043.8.498.12187740906209236003725801915701755497,1,2993,1601
272,lumos_x_272/lumos_x_272_2.Dcm,Lateral,Lateral,1.2.826.0.1.3680043.8.498.11181888274498360718347323845042418707,1.2.826.0.1.3680043.8.498.37816052844987053591897208034757184231,1,2656,1820
273,lumos_x_273/lumos_x_273_1.Dcm,AP,AP,1.2.826.0.1.3680043.8.498.74155131724534421083001677537707185597,1.2.826.0.1.3680043.8.498.16800811808978471689322219916632219962,1,2996,1684
273,lumos_x_273/lumos_x_273_2.Dcm,Lateral,Lateral,1.2.826.0.1.3680043.8.498.72951046789415682096348494108318871478,1.2.826.0.1.3680043.8.498.50193333467336098694362002141279712502,1,2997,2256
274,lumos_x_274/lumos_x_274_1.Dcm,AP,AP,1.2.826.0.1.3680043.8.498.62202492130863728837051125856839903984,1.2.826.0.1.3680043.8.498.41153098922261049430646607026237672607,1,2200,1422
274,lumos_x_274/lumos_x_274_2.Dcm,Lateral,Lateral,1.2.826.0.1.3680043.8.498.40859369677410451393418130698237042489,1.2.826.0.1.3680043.8.498.59123059523349165402441482965930698282,1,2369,1898
275,lumos_x_275/lumos_x_275_1.Dcm,AP,AP,1.2.826.0.1.3680043.8.498.10461942975461853824544707065168863848,1.2.826.0.1.3680043.8.498.99856364890753221905679255404801636742,1,3001,1774
275,lumos_x_275/lumos_x_275_2.Dcm,Lateral,Lateral,1.2.826.0.1.3680043.8.498.56367503416117014071440027037984570915,1.2.826.0.1.3680043.8.498.39998307640287150380158639004422612378,1,3001,2118
276,lumos_x_276/lumos_x_276_1.Dcm,AP,AP,1.2.826.0.1.3680043.8.498.69997328962925589920144161813953810044,1.2.826.0.1.3680043.8.498.17839238338207862584555994679605407692,1,3001,1483
276,lumos_x_276/lumos_x_276_2.Dcm,Lateral,Lateral,1.2.826.0.1.3680043.8.498.79929386506367216449986071721934190887,1.2.826.0.1.3680043.8.498.94706918941208860069638037954145477957,1,2977,1739
277,lumos_x_277/lumos_x_277_1.Dcm,AP,Lumbar spine ap,1.2.826.0.1.3680043.8.498.12278250631650369438288351827077756915,1.2.826.0.1.3680043.8.498.90938543014305831781921863747380273828,1,2343,1307
277,lumos_x_277/lumos_x_277_2.Dcm,Lateral,Lumbar spine lat,1.2.826.0.1.3680043.8.498.41430334273279391967227258898257445675,1.2.826.0.1.3680043.8.498.11285874277177966239176593031770930518,1,2671,1552
278,lumos_x_278/lumos_x_278_1.Dcm,AP,AP,1.2.826.0.1.3680043.8.498.61393261747410419117222808287415179890,1.2.826.0.1.3680043.8.498.30650723391598268216627548263292007175,1,2858,1842
278,lumos_x_278/lumos_x_278_2.Dcm,Lateral,Lateral,1.2.826.0.1.3680043.8.498.34380458415327421899208116159778959238,1.2.826.0.1.3680043.8.498.71830164469758755178208065751662777674,1,2882,2114
279,lumos_x_279/lumos_x_279_1.Dcm,AP,AP,1.2.826.0.1.3680043.8.498.13320273644587863725206975708933071683,1.2.826.0.1.3680043.8.498.13249288323530103759608927842726378214,1,2554,1322
279,lumos_x_279/lumos_x_279_2.Dcm,Lateral,Lateral,1.2.826.0.1.3680043.8.498.59008820082817272542379823274685213923,1.2.826.0.1.3680043.8.498.88754943986253923671894195324591528441,1,2162,1550
280,lumos_x_280/lumos_x_280_1.Dcm,AP,AP,1.2.826.0.1.3680043.8.498.90649140443039513882168996171859903976,1.2.826.0.1.3680043.8.498.61452713011499003579483597049049201871,1,3001,1479
280,lumos_x_280/lumos_x_280_2.Dcm,Lateral,Lateral,1.2.826.0.1.3680043.8.498.20105449682367516573278040267951534969,1.2.826.0.1.3680043.8.498.10461890176411745308183315055511744663,1,3001,1553
